source_experiment_id,process_pair,process_pair_label,channel_a,channel_b,encoder_mode,source_augmentation_code,augmentation_sequence,augmentation_file_name,classifier,classifier_label,accuracy,balanced_accuracy,precision,recall,f1,roc_auc,random_encoder_accuracy,random_encoder_balanced_accuracy,random_encoder_precision,random_encoder_recall,random_encoder_f1,random_encoder_roc_auc,accuracy_gain_over_random_encoder,balanced_accuracy_gain_over_random_encoder,precision_gain_over_random_encoder,recall_gain_over_random_encoder,f1_gain_over_random_encoder,roc_auc_gain_over_random_encoder,process_pair_order,classifier_order,augmentation_order,accuracy_rank_within_pair_classifier,roc_auc_rank_within_pair_classifier
ggf_ttbar_random,ggf_vs_ttbar,ggF vs $t\bar{t}$,ggf,ttbar,random,random,Random Untrained Encoder,random_untrained_encoder,logistic_regression,Logistic Regression,0.792,0.792,0.8041666666666667,0.772,0.7877551020408163,0.8710240000000001,0.792,0.792,0.8041666666666667,0.772,0.7877551020408163,0.8710240000000001,0.0,0.0,0.0,0.0,0.0,0.0,0,0,-1,,
ggf_ttbar_none,ggf_vs_ttbar,ggF vs $t\bar{t}$,ggf,ttbar,pretrained,none,No Augmentation,no_augmentation,logistic_regression,Logistic Regression,0.765,0.765,0.7874186550976139,0.726,0.7554630593132154,0.839364,0.792,0.792,0.8041666666666667,0.772,0.7877551020408163,0.8710240000000001,-0.027000000000000024,-0.027000000000000024,-0.016748011569052812,-0.04600000000000004,-0.03229204272760089,-0.03166000000000013,0,0,0,17.0,17.0
ggf_ttbar_rex,ggf_vs_ttbar,ggF vs $t\bar{t}$,ggf,ttbar,pretrained,rex,Rotation → Energy Noise → XYZ Noise,rotation_then_energy_noise_then_xyz_noise,logistic_regression,Logistic Regression,0.88,0.88,0.8696498054474708,0.894,0.8816568047337278,0.94096,0.792,0.792,0.8041666666666667,0.772,0.7877551020408163,0.8710240000000001,0.08799999999999997,0.08799999999999997,0.06548313878080414,0.122,0.09390170269291143,0.06993599999999989,0,0,1,11.0,11.0
ggf_ttbar_res,ggf_vs_ttbar,ggF vs $t\bar{t}$,ggf,ttbar,pretrained,res,Rotation → Energy Noise → Spatial Shift,rotation_then_energy_noise_then_spatial_shift,logistic_regression,Logistic Regression,0.881,0.881,0.87279843444227,0.892,0.8822947576656776,0.943436,0.792,0.792,0.8041666666666667,0.772,0.7877551020408163,0.8710240000000001,0.08899999999999997,0.08899999999999997,0.06863176777560331,0.12,0.09453965562486122,0.07241199999999992,0,0,2,10.0,10.0
ggf_ttbar_rec,ggf_vs_ttbar,ggF vs $t\bar{t}$,ggf,ttbar,pretrained,rec,Rotation → Energy Noise → Spatial Crop,rotation_then_energy_noise_then_spatial_crop,logistic_regression,Logistic Regression,0.905,0.905,0.8901734104046243,0.924,0.9067713444553483,0.9511,0.792,0.792,0.8041666666666667,0.772,0.7877551020408163,0.8710240000000001,0.11299999999999999,0.11299999999999999,0.08600674373795758,0.15200000000000002,0.11901624241453201,0.08007599999999981,0,0,3,1.0,6.0
ggf_ttbar_rxs,ggf_vs_ttbar,ggF vs $t\bar{t}$,ggf,ttbar,pretrained,rxs,Rotation → XYZ Noise → Spatial Shift,rotation_then_xyz_noise_then_spatial_shift,logistic_regression,Logistic Regression,0.886,0.886,0.874031007751938,0.902,0.8877952755905512,0.949104,0.792,0.792,0.8041666666666667,0.772,0.7877551020408163,0.8710240000000001,0.09399999999999997,0.09399999999999997,0.06986434108527129,0.13,0.10004017354973482,0.07807999999999982,0,0,4,9.0,9.0
ggf_ttbar_rxc,ggf_vs_ttbar,ggF vs $t\bar{t}$,ggf,ttbar,pretrained,rxc,Rotation → XYZ Noise → Spatial Crop,rotation_then_xyz_noise_then_spatial_crop,logistic_regression,Logistic Regression,0.899,0.899,0.8888888888888888,0.912,0.9002961500493584,0.9506439999999999,0.792,0.792,0.8041666666666667,0.772,0.7877551020408163,0.8710240000000001,0.10699999999999998,0.10699999999999998,0.08472222222222214,0.14,0.11254104800854203,0.0796199999999998,0,0,5,2.0,8.0
ggf_ttbar_rsc,ggf_vs_ttbar,ggF vs $t\bar{t}$,ggf,ttbar,pretrained,rsc,Rotation → Spatial Shift → Spatial Crop,rotation_then_spatial_shift_then_spatial_crop,logistic_regression,Logistic Regression,0.899,0.899,0.8950495049504951,0.904,0.8995024875621891,0.9546,0.792,0.792,0.8041666666666667,0.772,0.7877551020408163,0.8710240000000001,0.10699999999999998,0.10699999999999998,0.09088283828382837,0.132,0.11174738552137276,0.08357599999999987,0,0,6,2.0,2.0
ggf_ttbar_exs,ggf_vs_ttbar,ggF vs $t\bar{t}$,ggf,ttbar,pretrained,exs,Energy Noise → XYZ Noise → Spatial Shift,energy_noise_then_xyz_noise_then_spatial_shift,logistic_regression,Logistic Regression,0.871,0.871,0.863013698630137,0.882,0.8724035608308606,0.9394319999999999,0.792,0.792,0.8041666666666667,0.772,0.7877551020408163,0.8710240000000001,0.07899999999999996,0.07899999999999996,0.0588470319634703,0.10999999999999999,0.08464845879004423,0.0684079999999998,0,0,7,12.0,12.0
ggf_ttbar_exc,ggf_vs_ttbar,ggF vs $t\bar{t}$,ggf,ttbar,pretrained,exc,Energy Noise → XYZ Noise → Spatial Crop,energy_noise_then_xyz_noise_then_spatial_crop,logistic_regression,Logistic Regression,0.857,0.857,0.8466019417475729,0.872,0.8591133004926108,0.936496,0.792,0.792,0.8041666666666667,0.772,0.7877551020408163,0.8710240000000001,0.06499999999999995,0.06499999999999995,0.042435275080906165,0.09999999999999998,0.07135819845179447,0.06547199999999986,0,0,8,13.0,13.0
ggf_ttbar_esc,ggf_vs_ttbar,ggF vs $t\bar{t}$,ggf,ttbar,pretrained,esc,Energy Noise → Spatial Shift → Spatial Crop,energy_noise_then_spatial_shift_then_spatial_crop,logistic_regression,Logistic Regression,0.839,0.839,0.8356435643564356,0.844,0.8398009950248756,0.92402,0.792,0.792,0.8041666666666667,0.772,0.7877551020408163,0.8710240000000001,0.04699999999999993,0.04699999999999993,0.03147689768976891,0.07199999999999995,0.05204589298405926,0.05299599999999982,0,0,9,16.0,14.0
ggf_ttbar_xsc,ggf_vs_ttbar,ggF vs $t\bar{t}$,ggf,ttbar,pretrained,xsc,XYZ Noise → Spatial Shift → Spatial Crop,xyz_noise_then_spatial_shift_then_spatial_crop,logistic_regression,Logistic Regression,0.844,0.844,0.832046332046332,0.862,0.8467583497053045,0.92032,0.792,0.792,0.8041666666666667,0.772,0.7877551020408163,0.8710240000000001,0.051999999999999935,0.051999999999999935,0.027879665379665353,0.08999999999999997,0.05900324766448817,0.049295999999999895,0,0,10,15.0,16.0
ggf_ttbar_rexs,ggf_vs_ttbar,ggF vs $t\bar{t}$,ggf,ttbar,pretrained,rexs,Rotation → Energy Noise → XYZ Noise → Spatial Shift,rotation_then_energy_noise_then_xyz_noise_then_spatial_shift,logistic_regression,Logistic Regression,0.893,0.893,0.875717017208413,0.916,0.895405669599218,0.9509480000000001,0.792,0.792,0.8041666666666667,0.772,0.7877551020408163,0.8710240000000001,0.10099999999999998,0.10099999999999998,0.0715503505417463,0.14400000000000002,0.10765056755840163,0.079924,0,0,11,8.0,7.0
ggf_ttbar_rexc,ggf_vs_ttbar,ggF vs $t\bar{t}$,ggf,ttbar,pretrained,rexc,Rotation → Energy Noise → XYZ Noise → Spatial Crop,rotation_then_energy_noise_then_xyz_noise_then_spatial_crop,logistic_regression,Logistic Regression,0.896,0.896,0.888235294117647,0.906,0.897029702970297,0.95192,0.792,0.792,0.8041666666666667,0.772,0.7877551020408163,0.8710240000000001,0.10399999999999998,0.10399999999999998,0.08406862745098032,0.134,0.10927460092948071,0.08089599999999986,0,0,12,6.0,5.0
ggf_ttbar_resc,ggf_vs_ttbar,ggF vs $t\bar{t}$,ggf,ttbar,pretrained,resc,Rotation → Energy Noise → Spatial Shift → Spatial Crop,rotation_then_energy_noise_then_spatial_shift_then_spatial_crop,logistic_regression,Logistic Regression,0.897,0.897,0.8839458413926499,0.914,0.8987217305801377,0.951936,0.792,0.792,0.8041666666666667,0.772,0.7877551020408163,0.8710240000000001,0.10499999999999998,0.10499999999999998,0.07977917472598317,0.14200000000000002,0.11096662853932138,0.08091199999999987,0,0,13,5.0,4.0
ggf_ttbar_rxsc,ggf_vs_ttbar,ggF vs $t\bar{t}$,ggf,ttbar,pretrained,rxsc,Rotation → XYZ Noise → Spatial Shift → Spatial Crop,rotation_then_xyz_noise_then_spatial_shift_then_spatial_crop,logistic_regression,Logistic Regression,0.896,0.896,0.8913043478260869,0.902,0.8966202783300199,0.9548760000000001,0.792,0.792,0.8041666666666667,0.772,0.7877551020408163,0.8710240000000001,0.10399999999999998,0.10399999999999998,0.08713768115942022,0.13,0.10886517628920356,0.08385199999999993,0,0,14,6.0,1.0
ggf_ttbar_exsc,ggf_vs_ttbar,ggF vs $t\bar{t}$,ggf,ttbar,pretrained,exsc,Energy Noise → XYZ Noise → Spatial Shift → Spatial Crop,energy_noise_then_xyz_noise_then_spatial_shift_then_spatial_crop,logistic_regression,Logistic Regression,0.857,0.857,0.8591549295774648,0.854,0.8565697091273822,0.920552,0.792,0.792,0.8041666666666667,0.772,0.7877551020408163,0.8710240000000001,0.06499999999999995,0.06499999999999995,0.05498826291079806,0.08199999999999996,0.06881460708656584,0.049527999999999905,0,0,15,13.0,15.0
ggf_ttbar_rexsc,ggf_vs_ttbar,ggF vs $t\bar{t}$,ggf,ttbar,pretrained,rexsc,Rotation → Energy Noise → XYZ Noise → Spatial Shift → Spatial Crop,rotation_then_energy_noise_then_xyz_noise_then_spatial_shift_then_spatial_crop,logistic_regression,Logistic Regression,0.899,0.899,0.8829174664107485,0.92,0.901077375122429,0.95306,0.792,0.792,0.8041666666666667,0.772,0.7877551020408163,0.8710240000000001,0.10699999999999998,0.10699999999999998,0.07875079974408183,0.14800000000000002,0.11332227308161269,0.08203599999999989,0,0,16,2.0,3.0
ggf_ttbar_random,ggf_vs_ttbar,ggF vs $t\bar{t}$,ggf,ttbar,random,random,Random Untrained Encoder,random_untrained_encoder,knn,k-Nearest Neighbors,0.714,0.714,0.7635467980295566,0.62,0.6843267108167771,0.7986199999999999,0.714,0.714,0.7635467980295566,0.62,0.6843267108167771,0.7986199999999999,0.0,0.0,0.0,0.0,0.0,0.0,0,1,-1,,
ggf_ttbar_none,ggf_vs_ttbar,ggF vs $t\bar{t}$,ggf,ttbar,pretrained,none,No Augmentation,no_augmentation,knn,k-Nearest Neighbors,0.683,0.683,0.7065462753950339,0.626,0.6638388123011665,0.74451,0.714,0.714,0.7635467980295566,0.62,0.6843267108167771,0.7986199999999999,-0.030999999999999917,-0.030999999999999917,-0.05700052263452271,0.006000000000000005,-0.020487898515610614,-0.05410999999999988,0,1,0,17.0,17.0
ggf_ttbar_rex,ggf_vs_ttbar,ggF vs $t\bar{t}$,ggf,ttbar,pretrained,rex,Rotation → Energy Noise → XYZ Noise,rotation_then_energy_noise_then_xyz_noise,knn,k-Nearest Neighbors,0.856,0.856,0.8662551440329218,0.842,0.8539553752535497,0.9321559999999999,0.714,0.714,0.7635467980295566,0.62,0.6843267108167771,0.7986199999999999,0.14200000000000002,0.14200000000000002,0.1027083460033652,0.22199999999999998,0.1696286644367726,0.133536,0,1,1,11.0,11.0
ggf_ttbar_res,ggf_vs_ttbar,ggF vs $t\bar{t}$,ggf,ttbar,pretrained,res,Rotation → Energy Noise → Spatial Shift,rotation_then_energy_noise_then_spatial_shift,knn,k-Nearest Neighbors,0.872,0.872,0.8795918367346939,0.862,0.8707070707070707,0.937846,0.714,0.714,0.7635467980295566,0.62,0.6843267108167771,0.7986199999999999,0.15800000000000003,0.15800000000000003,0.11604503870513727,0.242,0.18638035989029356,0.13922600000000007,0,1,2,6.0,9.0
ggf_ttbar_rec,ggf_vs_ttbar,ggF vs $t\bar{t}$,ggf,ttbar,pretrained,rec,Rotation → Energy Noise → Spatial Crop,rotation_then_energy_noise_then_spatial_crop,knn,k-Nearest Neighbors,0.87,0.87,0.9092920353982301,0.822,0.8634453781512605,0.9468300000000001,0.714,0.714,0.7635467980295566,0.62,0.6843267108167771,0.7986199999999999,0.15600000000000003,0.15600000000000003,0.1457452373686735,0.20199999999999996,0.17911866733448345,0.14821000000000017,0,1,3,7.0,4.0
ggf_ttbar_rxs,ggf_vs_ttbar,ggF vs $t\bar{t}$,ggf,ttbar,pretrained,rxs,Rotation → XYZ Noise → Spatial Shift,rotation_then_xyz_noise_then_spatial_shift,knn,k-Nearest Neighbors,0.886,0.886,0.8938775510204081,0.876,0.8848484848484849,0.946294,0.714,0.714,0.7635467980295566,0.62,0.6843267108167771,0.7986199999999999,0.17200000000000004,0.17200000000000004,0.1303307529908515,0.256,0.2005217740317078,0.14767400000000008,0,1,4,2.0,6.0
ggf_ttbar_rxc,ggf_vs_ttbar,ggF vs $t\bar{t}$,ggf,ttbar,pretrained,rxc,Rotation → XYZ Noise → Spatial Crop,rotation_then_xyz_noise_then_spatial_crop,knn,k-Nearest Neighbors,0.874,0.874,0.9065217391304348,0.834,0.86875,0.9482880000000001,0.714,0.714,0.7635467980295566,0.62,0.6843267108167771,0.7986199999999999,0.16000000000000003,0.16000000000000003,0.14297494110087816,0.21399999999999997,0.18442328918322293,0.14966800000000025,0,1,5,5.0,3.0
ggf_ttbar_rsc,ggf_vs_ttbar,ggF vs $t\bar{t}$,ggf,ttbar,pretrained,rsc,Rotation → Spatial Shift → Spatial Crop,rotation_then_spatial_shift_then_spatial_crop,knn,k-Nearest Neighbors,0.866,0.866,0.9030837004405287,0.82,0.859538784067086,0.9407679999999999,0.714,0.714,0.7635467980295566,0.62,0.6843267108167771,0.7986199999999999,0.15200000000000002,0.15200000000000002,0.13953690241097205,0.19999999999999996,0.17521207325030885,0.14214800000000005,0,1,6,9.0,8.0
ggf_ttbar_exs,ggf_vs_ttbar,ggF vs $t\bar{t}$,ggf,ttbar,pretrained,exs,Energy Noise → XYZ Noise → Spatial Shift,energy_noise_then_xyz_noise_then_spatial_shift,knn,k-Nearest Neighbors,0.813,0.813,0.8485523385300668,0.762,0.8029504741833509,0.8993159999999999,0.714,0.714,0.7635467980295566,0.62,0.6843267108167771,0.7986199999999999,0.09899999999999998,0.09899999999999998,0.08500554050051023,0.14200000000000002,0.11862376336657376,0.10069600000000001,0,1,7,12.0,15.0
ggf_ttbar_exc,ggf_vs_ttbar,ggF vs $t\bar{t}$,ggf,ttbar,pretrained,exc,Energy Noise → XYZ Noise → Spatial Crop,energy_noise_then_xyz_noise_then_spatial_crop,knn,k-Nearest Neighbors,0.804,0.804,0.8486238532110092,0.74,0.7905982905982906,0.908124,0.714,0.714,0.7635467980295566,0.62,0.6843267108167771,0.7986199999999999,0.09000000000000008,0.09000000000000008,0.08507705518145259,0.12,0.10627157978151347,0.10950400000000016,0,1,8,16.0,12.0
ggf_ttbar_esc,ggf_vs_ttbar,ggF vs $t\bar{t}$,ggf,ttbar,pretrained,esc,Energy Noise → Spatial Shift → Spatial Crop,energy_noise_then_spatial_shift_then_spatial_crop,knn,k-Nearest Neighbors,0.809,0.8089999999999999,0.87409200968523,0.722,0.7907995618838992,0.901502,0.714,0.714,0.7635467980295566,0.62,0.6843267108167771,0.7986199999999999,0.09500000000000008,0.09499999999999997,0.11054521165567344,0.10199999999999998,0.10647285106712212,0.10288200000000014,0,1,9,14.0,13.0
ggf_ttbar_xsc,ggf_vs_ttbar,ggF vs $t\bar{t}$,ggf,ttbar,pretrained,xsc,XYZ Noise → Spatial Shift → Spatial Crop,xyz_noise_then_spatial_shift_then_spatial_crop,knn,k-Nearest Neighbors,0.809,0.8089999999999999,0.8687350835322196,0.728,0.7921653971708379,0.8952720000000001,0.714,0.714,0.7635467980295566,0.62,0.6843267108167771,0.7986199999999999,0.09500000000000008,0.09499999999999997,0.10518828550266301,0.10799999999999998,0.1078386863540608,0.09665200000000018,0,1,10,14.0,16.0
ggf_ttbar_rexs,ggf_vs_ttbar,ggF vs $t\bar{t}$,ggf,ttbar,pretrained,rexs,Rotation → Energy Noise → XYZ Noise → Spatial Shift,rotation_then_energy_noise_then_xyz_noise_then_spatial_shift,knn,k-Nearest Neighbors,0.896,0.896,0.8944223107569721,0.898,0.8962075848303394,0.9528660000000001,0.714,0.714,0.7635467980295566,0.62,0.6843267108167771,0.7986199999999999,0.18200000000000005,0.18200000000000005,0.1308755127274155,0.278,0.21188087401356226,0.15424600000000022,0,1,11,1.0,1.0
ggf_ttbar_rexc,ggf_vs_ttbar,ggF vs $t\bar{t}$,ggf,ttbar,pretrained,rexc,Rotation → Energy Noise → XYZ Noise → Spatial Crop,rotation_then_energy_noise_then_xyz_noise_then_spatial_crop,knn,k-Nearest Neighbors,0.877,0.877,0.8951781970649895,0.854,0.8741044012282497,0.943524,0.714,0.714,0.7635467980295566,0.62,0.6843267108167771,0.7986199999999999,0.16300000000000003,0.16300000000000003,0.13163139903543286,0.23399999999999999,0.18977769041147263,0.14490400000000014,0,1,12,3.0,7.0
ggf_ttbar_resc,ggf_vs_ttbar,ggF vs $t\bar{t}$,ggf,ttbar,pretrained,resc,Rotation → Energy Noise → Spatial Shift → Spatial Crop,rotation_then_energy_noise_then_spatial_shift_then_spatial_crop,knn,k-Nearest Neighbors,0.862,0.8620000000000001,0.9022222222222223,0.812,0.8547368421052631,0.936676,0.714,0.714,0.7635467980295566,0.62,0.6843267108167771,0.7986199999999999,0.14800000000000002,0.14800000000000013,0.13867542419266565,0.19200000000000006,0.17041013128848603,0.13805600000000007,0,1,13,10.0,10.0
ggf_ttbar_rxsc,ggf_vs_ttbar,ggF vs $t\bar{t}$,ggf,ttbar,pretrained,rxsc,Rotation → XYZ Noise → Spatial Shift → Spatial Crop,rotation_then_xyz_noise_then_spatial_shift_then_spatial_crop,knn,k-Nearest Neighbors,0.87,0.87,0.890295358649789,0.844,0.86652977412731,0.946472,0.714,0.714,0.7635467980295566,0.62,0.6843267108167771,0.7986199999999999,0.15600000000000003,0.15600000000000003,0.12674856062023243,0.22399999999999998,0.18220306331053293,0.1478520000000001,0,1,14,7.0,5.0
ggf_ttbar_exsc,ggf_vs_ttbar,ggF vs $t\bar{t}$,ggf,ttbar,pretrained,exsc,Energy Noise → XYZ Noise → Spatial Shift → Spatial Crop,energy_noise_then_xyz_noise_then_spatial_shift_then_spatial_crop,knn,k-Nearest Neighbors,0.81,0.81,0.8621495327102804,0.738,0.7952586206896551,0.9011539999999999,0.714,0.714,0.7635467980295566,0.62,0.6843267108167771,0.7986199999999999,0.09600000000000009,0.09600000000000009,0.09860273468072378,0.118,0.11093190987287804,0.10253400000000001,0,1,15,13.0,14.0
ggf_ttbar_rexsc,ggf_vs_ttbar,ggF vs $t\bar{t}$,ggf,ttbar,pretrained,rexsc,Rotation → Energy Noise → XYZ Noise → Spatial Shift → Spatial Crop,rotation_then_energy_noise_then_xyz_noise_then_spatial_shift_then_spatial_crop,knn,k-Nearest Neighbors,0.876,0.876,0.9017094017094017,0.844,0.871900826446281,0.9511200000000001,0.714,0.714,0.7635467980295566,0.62,0.6843267108167771,0.7986199999999999,0.16200000000000003,0.16200000000000003,0.13816260367984512,0.22399999999999998,0.18757411562950388,0.1525000000000002,0,1,16,4.0,2.0
ggf_ttbar_random,ggf_vs_ttbar,ggF vs $t\bar{t}$,ggf,ttbar,random,random,Random Untrained Encoder,random_untrained_encoder,gradient_boosting,Gradient Boosting,0.778,0.778,0.778,0.778,0.778,0.8515519999999999,0.778,0.778,0.778,0.778,0.778,0.8515519999999999,0.0,0.0,0.0,0.0,0.0,0.0,0,2,-1,,
ggf_ttbar_none,ggf_vs_ttbar,ggF vs $t\bar{t}$,ggf,ttbar,pretrained,none,No Augmentation,no_augmentation,gradient_boosting,Gradient Boosting,0.739,0.739,0.7463917525773196,0.724,0.7350253807106599,0.801164,0.778,0.778,0.778,0.778,0.778,0.8515519999999999,-0.039000000000000035,-0.039000000000000035,-0.031608247422680424,-0.05400000000000005,-0.0429746192893401,-0.05038799999999988,0,2,0,17.0,17.0
ggf_ttbar_rex,ggf_vs_ttbar,ggF vs $t\bar{t}$,ggf,ttbar,pretrained,rex,Rotation → Energy Noise → XYZ Noise,rotation_then_energy_noise_then_xyz_noise,gradient_boosting,Gradient Boosting,0.876,0.876,0.862934362934363,0.894,0.8781925343811395,0.93902,0.778,0.778,0.778,0.778,0.778,0.8515519999999999,0.09799999999999998,0.09799999999999998,0.08493436293436296,0.11599999999999999,0.10019253438113951,0.0874680000000001,0,2,1,10.0,11.0
ggf_ttbar_res,ggf_vs_ttbar,ggF vs $t\bar{t}$,ggf,ttbar,pretrained,res,Rotation → Energy Noise → Spatial Shift,rotation_then_energy_noise_then_spatial_shift,gradient_boosting,Gradient Boosting,0.887,0.887,0.8671726755218216,0.914,0.8899707887049659,0.9404,0.778,0.778,0.778,0.778,0.778,0.8515519999999999,0.10899999999999999,0.10899999999999999,0.08917267552182162,0.136,0.1119707887049659,0.08884800000000015,0,2,2,6.0,10.0
ggf_ttbar_rec,ggf_vs_ttbar,ggF vs $t\bar{t}$,ggf,ttbar,pretrained,rec,Rotation → Energy Noise → Spatial Crop,rotation_then_energy_noise_then_spatial_crop,gradient_boosting,Gradient Boosting,0.891,0.891,0.8825831702544031,0.902,0.8921859545004945,0.9502959999999999,0.778,0.778,0.778,0.778,0.778,0.8515519999999999,0.11299999999999999,0.11299999999999999,0.10458317025440311,0.124,0.11418595450049451,0.09874400000000005,0,2,3,4.0,5.0
ggf_ttbar_rxs,ggf_vs_ttbar,ggF vs $t\bar{t}$,ggf,ttbar,pretrained,rxs,Rotation → XYZ Noise → Spatial Shift,rotation_then_xyz_noise_then_spatial_shift,gradient_boosting,Gradient Boosting,0.889,0.889,0.8704761904761905,0.914,0.8917073170731707,0.950052,0.778,0.778,0.778,0.778,0.778,0.8515519999999999,0.11099999999999999,0.11099999999999999,0.09247619047619049,0.136,0.11370731707317072,0.09850000000000014,0,2,4,5.0,6.0
ggf_ttbar_rxc,ggf_vs_ttbar,ggF vs $t\bar{t}$,ggf,ttbar,pretrained,rxc,Rotation → XYZ Noise → Spatial Crop,rotation_then_xyz_noise_then_spatial_crop,gradient_boosting,Gradient Boosting,0.892,0.892,0.8904382470119522,0.894,0.8922155688622755,0.9522840000000001,0.778,0.778,0.778,0.778,0.778,0.8515519999999999,0.11399999999999999,0.11399999999999999,0.11243824701195215,0.11599999999999999,0.11421556886227546,0.10073200000000027,0,2,5,2.0,3.0
ggf_ttbar_rsc,ggf_vs_ttbar,ggF vs $t\bar{t}$,ggf,ttbar,pretrained,rsc,Rotation → Spatial Shift → Spatial Crop,rotation_then_spatial_shift_then_spatial_crop,gradient_boosting,Gradient Boosting,0.886,0.886,0.8799212598425197,0.894,0.8869047619047619,0.9477040000000001,0.778,0.778,0.778,0.778,0.778,0.8515519999999999,0.10799999999999998,0.10799999999999998,0.10192125984251965,0.11599999999999999,0.10890476190476184,0.09615200000000024,0,2,6,7.0,7.0
ggf_ttbar_exs,ggf_vs_ttbar,ggF vs $t\bar{t}$,ggf,ttbar,pretrained,exs,Energy Noise → XYZ Noise → Spatial Shift,energy_noise_then_xyz_noise_then_spatial_shift,gradient_boosting,Gradient Boosting,0.846,0.846,0.8314176245210728,0.868,0.8493150684931506,0.92248,0.778,0.778,0.778,0.778,0.778,0.8515519999999999,0.06799999999999995,0.06799999999999995,0.05341762452107279,0.08999999999999997,0.07131506849315061,0.0709280000000001,0,2,7,14.0,14.0
ggf_ttbar_exc,ggf_vs_ttbar,ggF vs $t\bar{t}$,ggf,ttbar,pretrained,exc,Energy Noise → XYZ Noise → Spatial Crop,energy_noise_then_xyz_noise_then_spatial_crop,gradient_boosting,Gradient Boosting,0.855,0.855,0.8487229862475442,0.864,0.8562933597621407,0.9324239999999999,0.778,0.778,0.778,0.778,0.778,0.8515519999999999,0.07699999999999996,0.07699999999999996,0.07072298624754414,0.08599999999999997,0.07829335976214069,0.08087200000000005,0,2,8,13.0,12.0
ggf_ttbar_esc,ggf_vs_ttbar,ggF vs $t\bar{t}$,ggf,ttbar,pretrained,esc,Energy Noise → Spatial Shift → Spatial Crop,energy_noise_then_spatial_shift_then_spatial_crop,gradient_boosting,Gradient Boosting,0.829,0.829,0.827037773359841,0.832,0.8295114656031904,0.915052,0.778,0.778,0.778,0.778,0.778,0.8515519999999999,0.050999999999999934,0.050999999999999934,0.04903777335984094,0.05399999999999994,0.05151146560319042,0.06350000000000011,0,2,9,16.0,16.0
ggf_ttbar_xsc,ggf_vs_ttbar,ggF vs $t\bar{t}$,ggf,ttbar,pretrained,xsc,XYZ Noise → Spatial Shift → Spatial Crop,xyz_noise_then_spatial_shift_then_spatial_crop,gradient_boosting,Gradient Boosting,0.838,0.838,0.8463114754098361,0.826,0.8360323886639676,0.9204279999999999,0.778,0.778,0.778,0.778,0.778,0.8515519999999999,0.05999999999999994,0.05999999999999994,0.06831147540983606,0.04799999999999993,0.05803238866396754,0.06887600000000005,0,2,10,15.0,15.0
ggf_ttbar_rexs,ggf_vs_ttbar,ggF vs $t\bar{t}$,ggf,ttbar,pretrained,rexs,Rotation → Energy Noise → XYZ Noise → Spatial Shift,rotation_then_energy_noise_then_xyz_noise_then_spatial_shift,gradient_boosting,Gradient Boosting,0.893,0.893,0.8800773694390716,0.91,0.8947885939036382,0.9530200000000001,0.778,0.778,0.778,0.778,0.778,0.8515519999999999,0.11499999999999999,0.11499999999999999,0.10207736943907153,0.132,0.11678859390363816,0.10146800000000022,0,2,11,1.0,2.0
ggf_ttbar_rexc,ggf_vs_ttbar,ggF vs $t\bar{t}$,ggf,ttbar,pretrained,rexc,Rotation → Energy Noise → XYZ Noise → Spatial Crop,rotation_then_energy_noise_then_xyz_noise_then_spatial_crop,gradient_boosting,Gradient Boosting,0.886,0.886,0.8814229249011858,0.892,0.8866799204771372,0.947076,0.778,0.778,0.778,0.778,0.778,0.8515519999999999,0.10799999999999998,0.10799999999999998,0.10342292490118576,0.11399999999999999,0.10867992047713715,0.09552400000000016,0,2,12,7.0,8.0
ggf_ttbar_resc,ggf_vs_ttbar,ggF vs $t\bar{t}$,ggf,ttbar,pretrained,resc,Rotation → Energy Noise → Spatial Shift → Spatial Crop,rotation_then_energy_noise_then_spatial_shift_then_spatial_crop,gradient_boosting,Gradient Boosting,0.869,0.869,0.8667992047713717,0.872,0.8693918245264207,0.94194,0.778,0.778,0.778,0.778,0.778,0.8515519999999999,0.09099999999999997,0.09099999999999997,0.08879920477137171,0.09399999999999997,0.0913918245264207,0.09038800000000013,0,2,13,11.0,9.0
ggf_ttbar_rxsc,ggf_vs_ttbar,ggF vs $t\bar{t}$,ggf,ttbar,pretrained,rxsc,Rotation → XYZ Noise → Spatial Shift → Spatial Crop,rotation_then_xyz_noise_then_spatial_shift_then_spatial_crop,gradient_boosting,Gradient Boosting,0.885,0.885,0.8811881188118812,0.89,0.8855721393034826,0.950428,0.778,0.778,0.778,0.778,0.778,0.8515519999999999,0.10699999999999998,0.10699999999999998,0.10318811881188117,0.11199999999999999,0.10757213930348253,0.09887600000000019,0,2,14,9.0,4.0
ggf_ttbar_exsc,ggf_vs_ttbar,ggF vs $t\bar{t}$,ggf,ttbar,pretrained,exsc,Energy Noise → XYZ Noise → Spatial Shift → Spatial Crop,energy_noise_then_xyz_noise_then_spatial_shift_then_spatial_crop,gradient_boosting,Gradient Boosting,0.868,0.868,0.868,0.868,0.868,0.925648,0.778,0.778,0.778,0.778,0.778,0.8515519999999999,0.08999999999999997,0.08999999999999997,0.08999999999999997,0.08999999999999997,0.08999999999999997,0.07409600000000016,0,2,15,12.0,13.0
ggf_ttbar_rexsc,ggf_vs_ttbar,ggF vs $t\bar{t}$,ggf,ttbar,pretrained,rexsc,Rotation → Energy Noise → XYZ Noise → Spatial Shift → Spatial Crop,rotation_then_energy_noise_then_xyz_noise_then_spatial_shift_then_spatial_crop,gradient_boosting,Gradient Boosting,0.892,0.892,0.884313725490196,0.902,0.8930693069306931,0.9541959999999999,0.778,0.778,0.778,0.778,0.778,0.8515519999999999,0.11399999999999999,0.11399999999999999,0.10631372549019602,0.124,0.11506930693069306,0.10264400000000007,0,2,16,2.0,1.0
ggf_dihiggs_random,ggf_vs_dihiggs,ggF vs di-Higgs,ggf,dihiggs,random,random,Random Untrained Encoder,random_untrained_encoder,logistic_regression,Logistic Regression,0.652,0.652,0.6544715447154471,0.644,0.6491935483870968,0.7169080000000001,0.652,0.652,0.6544715447154471,0.644,0.6491935483870968,0.7169080000000001,0.0,0.0,0.0,0.0,0.0,0.0,1,0,-1,,
ggf_dihiggs_none,ggf_vs_dihiggs,ggF vs di-Higgs,ggf,dihiggs,pretrained,none,No Augmentation,no_augmentation,logistic_regression,Logistic Regression,0.631,0.631,0.6281800391389433,0.642,0.6350148367952523,0.686036,0.652,0.652,0.6544715447154471,0.644,0.6491935483870968,0.7169080000000001,-0.02100000000000002,-0.02100000000000002,-0.026291505576503837,-0.0020000000000000018,-0.014178711591844473,-0.03087200000000012,1,0,0,17.0,17.0
ggf_dihiggs_rex,ggf_vs_dihiggs,ggF vs di-Higgs,ggf,dihiggs,pretrained,rex,Rotation → Energy Noise → XYZ Noise,rotation_then_energy_noise_then_xyz_noise,logistic_regression,Logistic Regression,0.734,0.734,0.734,0.734,0.734,0.8121759999999999,0.652,0.652,0.6544715447154471,0.644,0.6491935483870968,0.7169080000000001,0.08199999999999996,0.08199999999999996,0.07952845528455288,0.08999999999999997,0.08480645161290323,0.0952679999999998,1,0,1,13.0,11.0
ggf_dihiggs_res,ggf_vs_dihiggs,ggF vs di-Higgs,ggf,dihiggs,pretrained,res,Rotation → Energy Noise → Spatial Shift,rotation_then_energy_noise_then_spatial_shift,logistic_regression,Logistic Regression,0.754,0.754,0.75,0.762,0.7559523809523809,0.8138919999999998,0.652,0.652,0.6544715447154471,0.644,0.6491935483870968,0.7169080000000001,0.10199999999999998,0.10199999999999998,0.0955284552845529,0.118,0.10675883256528418,0.09698399999999974,1,0,2,6.0,10.0
ggf_dihiggs_rec,ggf_vs_dihiggs,ggF vs di-Higgs,ggf,dihiggs,pretrained,rec,Rotation → Energy Noise → Spatial Crop,rotation_then_energy_noise_then_spatial_crop,logistic_regression,Logistic Regression,0.757,0.757,0.7534516765285996,0.764,0.7586891757696127,0.829072,0.652,0.652,0.6544715447154471,0.644,0.6491935483870968,0.7169080000000001,0.10499999999999998,0.10499999999999998,0.09898013181315246,0.12,0.10949562738251595,0.11216399999999993,1,0,3,4.0,6.0
ggf_dihiggs_rxs,ggf_vs_dihiggs,ggF vs di-Higgs,ggf,dihiggs,pretrained,rxs,Rotation → XYZ Noise → Spatial Shift,rotation_then_xyz_noise_then_spatial_shift,logistic_regression,Logistic Regression,0.75,0.75,0.75,0.75,0.75,0.8193,0.652,0.652,0.6544715447154471,0.644,0.6491935483870968,0.7169080000000001,0.09799999999999998,0.09799999999999998,0.0955284552845529,0.10599999999999998,0.10080645161290325,0.10239199999999993,1,0,4,8.0,9.0
ggf_dihiggs_rxc,ggf_vs_dihiggs,ggF vs di-Higgs,ggf,dihiggs,pretrained,rxc,Rotation → XYZ Noise → Spatial Crop,rotation_then_xyz_noise_then_spatial_crop,logistic_regression,Logistic Regression,0.765,0.765,0.7592954990215264,0.776,0.7675568743818002,0.8374559999999999,0.652,0.652,0.6544715447154471,0.644,0.6491935483870968,0.7169080000000001,0.11299999999999999,0.11299999999999999,0.10482395430607927,0.132,0.11836332599470345,0.12054799999999977,1,0,5,1.0,2.0
ggf_dihiggs_rsc,ggf_vs_dihiggs,ggF vs di-Higgs,ggf,dihiggs,pretrained,rsc,Rotation → Spatial Shift → Spatial Crop,rotation_then_spatial_shift_then_spatial_crop,logistic_regression,Logistic Regression,0.765,0.765,0.7592954990215264,0.776,0.7675568743818002,0.837468,0.652,0.652,0.6544715447154471,0.644,0.6491935483870968,0.7169080000000001,0.11299999999999999,0.11299999999999999,0.10482395430607927,0.132,0.11836332599470345,0.12055999999999989,1,0,6,1.0,1.0
ggf_dihiggs_exs,ggf_vs_dihiggs,ggF vs di-Higgs,ggf,dihiggs,pretrained,exs,Energy Noise → XYZ Noise → Spatial Shift,energy_noise_then_xyz_noise_then_spatial_shift,logistic_regression,Logistic Regression,0.736,0.736,0.7322834645669292,0.744,0.7380952380952381,0.8019040000000001,0.652,0.652,0.6544715447154471,0.644,0.6491935483870968,0.7169080000000001,0.08399999999999996,0.08399999999999996,0.07781191985148206,0.09999999999999998,0.08890168970814138,0.08499599999999996,1,0,7,12.0,14.0
ggf_dihiggs_exc,ggf_vs_dihiggs,ggF vs di-Higgs,ggf,dihiggs,pretrained,exc,Energy Noise → XYZ Noise → Spatial Crop,energy_noise_then_xyz_noise_then_spatial_crop,logistic_regression,Logistic Regression,0.732,0.732,0.7338709677419355,0.728,0.7309236947791165,0.80792,0.652,0.652,0.6544715447154471,0.644,0.6491935483870968,0.7169080000000001,0.07999999999999996,0.07999999999999996,0.07939942302648839,0.08399999999999996,0.0817301463920197,0.09101199999999987,1,0,8,14.0,12.0
ggf_dihiggs_esc,ggf_vs_dihiggs,ggF vs di-Higgs,ggf,dihiggs,pretrained,esc,Energy Noise → Spatial Shift → Spatial Crop,energy_noise_then_spatial_shift_then_spatial_crop,logistic_regression,Logistic Regression,0.721,0.721,0.7278350515463917,0.706,0.716751269035533,0.7880840000000001,0.652,0.652,0.6544715447154471,0.644,0.6491935483870968,0.7169080000000001,0.06899999999999995,0.06899999999999995,0.07336350683094461,0.061999999999999944,0.06755772064843624,0.07117600000000002,1,0,9,15.0,16.0
ggf_dihiggs_xsc,ggf_vs_dihiggs,ggF vs di-Higgs,ggf,dihiggs,pretrained,xsc,XYZ Noise → Spatial Shift → Spatial Crop,xyz_noise_then_spatial_shift_then_spatial_crop,logistic_regression,Logistic Regression,0.72,0.72,0.7099236641221374,0.744,0.7265625,0.7916559999999999,0.652,0.652,0.6544715447154471,0.644,0.6491935483870968,0.7169080000000001,0.06799999999999995,0.06799999999999995,0.05545211940669026,0.09999999999999998,0.07736895161290325,0.07474799999999981,1,0,10,16.0,15.0
ggf_dihiggs_rexs,ggf_vs_dihiggs,ggF vs di-Higgs,ggf,dihiggs,pretrained,rexs,Rotation → Energy Noise → XYZ Noise → Spatial Shift,rotation_then_energy_noise_then_xyz_noise_then_spatial_shift,logistic_regression,Logistic Regression,0.749,0.749,0.7475149105367793,0.752,0.7497507477567298,0.821172,0.652,0.652,0.6544715447154471,0.644,0.6491935483870968,0.7169080000000001,0.09699999999999998,0.09699999999999998,0.09304336582133221,0.10799999999999998,0.10055719936963303,0.10426399999999991,1,0,11,9.0,8.0
ggf_dihiggs_rexc,ggf_vs_dihiggs,ggF vs di-Higgs,ggf,dihiggs,pretrained,rexc,Rotation → Energy Noise → XYZ Noise → Spatial Crop,rotation_then_energy_noise_then_xyz_noise_then_spatial_crop,logistic_regression,Logistic Regression,0.761,0.761,0.7668711656441718,0.75,0.7583417593528817,0.836968,0.652,0.652,0.6544715447154471,0.644,0.6491935483870968,0.7169080000000001,0.10899999999999999,0.10899999999999999,0.11239962092872469,0.10599999999999998,0.10914821096578498,0.12005999999999994,1,0,12,3.0,4.0
ggf_dihiggs_resc,ggf_vs_dihiggs,ggF vs di-Higgs,ggf,dihiggs,pretrained,resc,Rotation → Energy Noise → Spatial Shift → Spatial Crop,rotation_then_energy_noise_then_spatial_shift_then_spatial_crop,logistic_regression,Logistic Regression,0.752,0.752,0.752,0.752,0.752,0.8330640000000001,0.652,0.652,0.6544715447154471,0.644,0.6491935483870968,0.7169080000000001,0.09999999999999998,0.09999999999999998,0.0975284552845529,0.10799999999999998,0.10280645161290325,0.11615600000000004,1,0,13,7.0,5.0
ggf_dihiggs_rxsc,ggf_vs_dihiggs,ggF vs di-Higgs,ggf,dihiggs,pretrained,rxsc,Rotation → XYZ Noise → Spatial Shift → Spatial Crop,rotation_then_xyz_noise_then_spatial_shift_then_spatial_crop,logistic_regression,Logistic Regression,0.757,0.757,0.7485493230174082,0.774,0.7610619469026548,0.83744,0.652,0.652,0.6544715447154471,0.644,0.6491935483870968,0.7169080000000001,0.10499999999999998,0.10499999999999998,0.09407777830196107,0.13,0.11186839851555808,0.12053199999999986,1,0,14,4.0,3.0
ggf_dihiggs_exsc,ggf_vs_dihiggs,ggF vs di-Higgs,ggf,dihiggs,pretrained,exsc,Energy Noise → XYZ Noise → Spatial Shift → Spatial Crop,energy_noise_then_xyz_noise_then_spatial_shift_then_spatial_crop,logistic_regression,Logistic Regression,0.737,0.737,0.7328094302554028,0.746,0.7393458870168483,0.80318,0.652,0.652,0.6544715447154471,0.644,0.6491935483870968,0.7169080000000001,0.08499999999999996,0.08499999999999996,0.07833788553995569,0.10199999999999998,0.09015233862975158,0.0862719999999999,1,0,15,11.0,13.0
ggf_dihiggs_rexsc,ggf_vs_dihiggs,ggF vs di-Higgs,ggf,dihiggs,pretrained,rexsc,Rotation → Energy Noise → XYZ Noise → Spatial Shift → Spatial Crop,rotation_then_energy_noise_then_xyz_noise_then_spatial_shift_then_spatial_crop,logistic_regression,Logistic Regression,0.749,0.749,0.7465346534653465,0.754,0.7502487562189055,0.827308,0.652,0.652,0.6544715447154471,0.644,0.6491935483870968,0.7169080000000001,0.09699999999999998,0.09699999999999998,0.09206310874989942,0.10999999999999999,0.10105520783180877,0.11039999999999994,1,0,16,9.0,7.0
ggf_dihiggs_random,ggf_vs_dihiggs,ggF vs di-Higgs,ggf,dihiggs,random,random,Random Untrained Encoder,random_untrained_encoder,knn,k-Nearest Neighbors,0.583,0.583,0.580896686159844,0.596,0.5883514313919053,0.623624,0.583,0.583,0.580896686159844,0.596,0.5883514313919053,0.623624,0.0,0.0,0.0,0.0,0.0,0.0,1,1,-1,,
ggf_dihiggs_none,ggf_vs_dihiggs,ggF vs di-Higgs,ggf,dihiggs,pretrained,none,No Augmentation,no_augmentation,knn,k-Nearest Neighbors,0.537,0.537,0.5366336633663367,0.542,0.5393034825870647,0.559272,0.583,0.583,0.580896686159844,0.596,0.5883514313919053,0.623624,-0.04599999999999993,-0.04599999999999993,-0.044263022793507356,-0.05399999999999994,-0.049047948804840535,-0.06435199999999996,1,1,0,17.0,17.0
ggf_dihiggs_rex,ggf_vs_dihiggs,ggF vs di-Higgs,ggf,dihiggs,pretrained,rex,Rotation → Energy Noise → XYZ Noise,rotation_then_energy_noise_then_xyz_noise,knn,k-Nearest Neighbors,0.727,0.727,0.7161904761904762,0.752,0.7336585365853658,0.7818360000000001,0.583,0.583,0.580896686159844,0.596,0.5883514313919053,0.623624,0.14400000000000002,0.14400000000000002,0.13529379003063213,0.15600000000000003,0.14530710519346057,0.15821200000000013,1,1,1,11.0,11.0
ggf_dihiggs_res,ggf_vs_dihiggs,ggF vs di-Higgs,ggf,dihiggs,pretrained,res,Rotation → Energy Noise → Spatial Shift,rotation_then_energy_noise_then_spatial_shift,knn,k-Nearest Neighbors,0.749,0.749,0.7353497164461248,0.778,0.7560738581146744,0.7996200000000001,0.583,0.583,0.580896686159844,0.596,0.5883514313919053,0.623624,0.16600000000000004,0.16600000000000004,0.15445303028628077,0.18200000000000005,0.16772242672276916,0.17599600000000015,1,1,2,7.0,9.0
ggf_dihiggs_rec,ggf_vs_dihiggs,ggF vs di-Higgs,ggf,dihiggs,pretrained,rec,Rotation → Energy Noise → Spatial Crop,rotation_then_energy_noise_then_spatial_crop,knn,k-Nearest Neighbors,0.77,0.77,0.7872340425531915,0.74,0.7628865979381443,0.8298300000000001,0.583,0.583,0.580896686159844,0.596,0.5883514313919053,0.623624,0.18700000000000006,0.18700000000000006,0.2063373563933475,0.14400000000000002,0.17453516654623902,0.2062060000000001,1,1,3,2.0,1.0
ggf_dihiggs_rxs,ggf_vs_dihiggs,ggF vs di-Higgs,ggf,dihiggs,pretrained,rxs,Rotation → XYZ Noise → Spatial Shift,rotation_then_xyz_noise_then_spatial_shift,knn,k-Nearest Neighbors,0.738,0.738,0.7228464419475655,0.772,0.746615087040619,0.80539,0.583,0.583,0.580896686159844,0.596,0.5883514313919053,0.623624,0.15500000000000003,0.15500000000000003,0.1419497557877215,0.17600000000000005,0.1582636556487137,0.1817660000000001,1,1,4,9.0,8.0
ggf_dihiggs_rxc,ggf_vs_dihiggs,ggF vs di-Higgs,ggf,dihiggs,pretrained,rxc,Rotation → XYZ Noise → Spatial Crop,rotation_then_xyz_noise_then_spatial_crop,knn,k-Nearest Neighbors,0.772,0.772,0.772,0.772,0.772,0.822848,0.583,0.583,0.580896686159844,0.596,0.5883514313919053,0.623624,0.18900000000000006,0.18900000000000006,0.191103313840156,0.17600000000000005,0.18364856860809475,0.19922400000000007,1,1,5,1.0,5.0
ggf_dihiggs_rsc,ggf_vs_dihiggs,ggF vs di-Higgs,ggf,dihiggs,pretrained,rsc,Rotation → Spatial Shift → Spatial Crop,rotation_then_spatial_shift_then_spatial_crop,knn,k-Nearest Neighbors,0.753,0.753,0.7514910536779325,0.756,0.7537387836490529,0.8285899999999999,0.583,0.583,0.580896686159844,0.596,0.5883514313919053,0.623624,0.17000000000000004,0.17000000000000004,0.17059436751808843,0.16000000000000003,0.16538735225714762,0.20496599999999998,1,1,6,5.0,2.0
ggf_dihiggs_exs,ggf_vs_dihiggs,ggF vs di-Higgs,ggf,dihiggs,pretrained,exs,Energy Noise → XYZ Noise → Spatial Shift,energy_noise_then_xyz_noise_then_spatial_shift,knn,k-Nearest Neighbors,0.672,0.6719999999999999,0.6641221374045801,0.696,0.6796875,0.720764,0.583,0.583,0.580896686159844,0.596,0.5883514313919053,0.623624,0.08900000000000008,0.08899999999999997,0.08322545124473613,0.09999999999999998,0.09133606860809473,0.09714,1,1,7,16.0,16.0
ggf_dihiggs_exc,ggf_vs_dihiggs,ggF vs di-Higgs,ggf,dihiggs,pretrained,exc,Energy Noise → XYZ Noise → Spatial Crop,energy_noise_then_xyz_noise_then_spatial_crop,knn,k-Nearest Neighbors,0.716,0.716,0.7231404958677686,0.7,0.7113821138211383,0.7785900000000001,0.583,0.583,0.580896686159844,0.596,0.5883514313919053,0.623624,0.133,0.133,0.1422438097079246,0.10399999999999998,0.12303068242923298,0.15496600000000016,1,1,8,12.0,12.0
ggf_dihiggs_esc,ggf_vs_dihiggs,ggF vs di-Higgs,ggf,dihiggs,pretrained,esc,Energy Noise → Spatial Shift → Spatial Crop,energy_noise_then_spatial_shift_then_spatial_crop,knn,k-Nearest Neighbors,0.681,0.681,0.6813627254509018,0.68,0.6806806806806807,0.7279760000000001,0.583,0.583,0.580896686159844,0.596,0.5883514313919053,0.623624,0.09800000000000009,0.09800000000000009,0.1004660392910578,0.08400000000000007,0.0923292492887754,0.10435200000000011,1,1,9,15.0,15.0
ggf_dihiggs_xsc,ggf_vs_dihiggs,ggF vs di-Higgs,ggf,dihiggs,pretrained,xsc,XYZ Noise → Spatial Shift → Spatial Crop,xyz_noise_then_spatial_shift_then_spatial_crop,knn,k-Nearest Neighbors,0.701,0.701,0.699009900990099,0.706,0.7024875621890547,0.7604599999999999,0.583,0.583,0.580896686159844,0.596,0.5883514313919053,0.623624,0.118,0.118,0.11811321483025494,0.10999999999999999,0.11413613079714946,0.13683599999999996,1,1,10,13.0,13.0
ggf_dihiggs_rexs,ggf_vs_dihiggs,ggF vs di-Higgs,ggf,dihiggs,pretrained,rexs,Rotation → Energy Noise → XYZ Noise → Spatial Shift,rotation_then_energy_noise_then_xyz_noise_then_spatial_shift,knn,k-Nearest Neighbors,0.732,0.732,0.72568093385214,0.746,0.7357001972386588,0.797574,0.583,0.583,0.580896686159844,0.596,0.5883514313919053,0.623624,0.14900000000000002,0.14900000000000002,0.14478424769229603,0.15000000000000002,0.1473487658467535,0.17395000000000005,1,1,11,10.0,10.0
ggf_dihiggs_rexc,ggf_vs_dihiggs,ggF vs di-Higgs,ggf,dihiggs,pretrained,rexc,Rotation → Energy Noise → XYZ Noise → Spatial Crop,rotation_then_energy_noise_then_xyz_noise_then_spatial_crop,knn,k-Nearest Neighbors,0.746,0.746,0.759493670886076,0.72,0.7392197125256673,0.8190040000000001,0.583,0.583,0.580896686159844,0.596,0.5883514313919053,0.623624,0.16300000000000003,0.16300000000000003,0.17859698472623198,0.124,0.15086828113376205,0.1953800000000001,1,1,12,8.0,6.0
ggf_dihiggs_resc,ggf_vs_dihiggs,ggF vs di-Higgs,ggf,dihiggs,pretrained,resc,Rotation → Energy Noise → Spatial Shift → Spatial Crop,rotation_then_energy_noise_then_spatial_shift_then_spatial_crop,knn,k-Nearest Neighbors,0.757,0.757,0.7606490872210954,0.75,0.7552870090634441,0.8270120000000001,0.583,0.583,0.580896686159844,0.596,0.5883514313919053,0.623624,0.17400000000000004,0.17400000000000004,0.17975240106125134,0.15400000000000003,0.16693557767153888,0.20338800000000012,1,1,13,4.0,3.0
ggf_dihiggs_rxsc,ggf_vs_dihiggs,ggF vs di-Higgs,ggf,dihiggs,pretrained,rxsc,Rotation → XYZ Noise → Spatial Shift → Spatial Crop,rotation_then_xyz_noise_then_spatial_shift_then_spatial_crop,knn,k-Nearest Neighbors,0.752,0.752,0.7560975609756098,0.744,0.75,0.82679,0.583,0.583,0.580896686159844,0.596,0.5883514313919053,0.623624,0.16900000000000004,0.16900000000000004,0.17520087481576574,0.14800000000000002,0.16164856860809473,0.20316600000000007,1,1,14,6.0,4.0
ggf_dihiggs_exsc,ggf_vs_dihiggs,ggF vs di-Higgs,ggf,dihiggs,pretrained,exsc,Energy Noise → XYZ Noise → Spatial Shift → Spatial Crop,energy_noise_then_xyz_noise_then_spatial_shift_then_spatial_crop,knn,k-Nearest Neighbors,0.7,0.7,0.6908396946564885,0.724,0.70703125,0.7535440000000001,0.583,0.583,0.580896686159844,0.596,0.5883514313919053,0.623624,0.11699999999999999,0.11699999999999999,0.10994300849664451,0.128,0.11867981860809473,0.12992000000000015,1,1,15,14.0,14.0
ggf_dihiggs_rexsc,ggf_vs_dihiggs,ggF vs di-Higgs,ggf,dihiggs,pretrained,rexsc,Rotation → Energy Noise → XYZ Noise → Spatial Shift → Spatial Crop,rotation_then_energy_noise_then_xyz_noise_then_spatial_shift_then_spatial_crop,knn,k-Nearest Neighbors,0.765,0.765,0.7603143418467584,0.774,0.7670961347869177,0.8183839999999998,0.583,0.583,0.580896686159844,0.596,0.5883514313919053,0.623624,0.18200000000000005,0.18200000000000005,0.17941765568691437,0.17800000000000005,0.17874470339501247,0.19475999999999982,1,1,16,3.0,7.0
ggf_dihiggs_random,ggf_vs_dihiggs,ggF vs di-Higgs,ggf,dihiggs,random,random,Random Untrained Encoder,random_untrained_encoder,gradient_boosting,Gradient Boosting,0.622,0.622,0.6168582375478927,0.644,0.6301369863013698,0.6857,0.622,0.622,0.6168582375478927,0.644,0.6301369863013698,0.6857,0.0,0.0,0.0,0.0,0.0,0.0,1,2,-1,,
ggf_dihiggs_none,ggf_vs_dihiggs,ggF vs di-Higgs,ggf,dihiggs,pretrained,none,No Augmentation,no_augmentation,gradient_boosting,Gradient Boosting,0.611,0.611,0.6037383177570094,0.646,0.6241545893719807,0.644736,0.622,0.622,0.6168582375478927,0.644,0.6301369863013698,0.6857,-0.01100000000000001,-0.01100000000000001,-0.013119919790883339,0.0020000000000000018,-0.005982396929389178,-0.040964,1,2,0,17.0,17.0
ggf_dihiggs_rex,ggf_vs_dihiggs,ggF vs di-Higgs,ggf,dihiggs,pretrained,rex,Rotation → Energy Noise → XYZ Noise,rotation_then_energy_noise_then_xyz_noise,gradient_boosting,Gradient Boosting,0.74,0.74,0.7298850574712644,0.762,0.7455968688845401,0.8091640000000001,0.622,0.622,0.6168582375478927,0.644,0.6301369863013698,0.6857,0.118,0.118,0.11302681992337171,0.118,0.1154598825831703,0.12346400000000013,1,2,1,11.0,11.0
ggf_dihiggs_res,ggf_vs_dihiggs,ggF vs di-Higgs,ggf,dihiggs,pretrained,res,Rotation → Energy Noise → Spatial Shift,rotation_then_energy_noise_then_spatial_shift,gradient_boosting,Gradient Boosting,0.748,0.748,0.7357414448669202,0.774,0.7543859649122807,0.8160000000000001,0.622,0.622,0.6168582375478927,0.644,0.6301369863013698,0.6857,0.126,0.126,0.11888320731902746,0.13,0.12424897861091089,0.13030000000000008,1,2,2,10.0,10.0
ggf_dihiggs_rec,ggf_vs_dihiggs,ggF vs di-Higgs,ggf,dihiggs,pretrained,rec,Rotation → Energy Noise → Spatial Crop,rotation_then_energy_noise_then_spatial_crop,gradient_boosting,Gradient Boosting,0.786,0.786,0.786,0.786,0.786,0.84406,0.622,0.622,0.6168582375478927,0.644,0.6301369863013698,0.6857,0.16400000000000003,0.16400000000000003,0.16914176245210732,0.14200000000000002,0.1558630136986302,0.15836000000000006,1,2,3,1.0,2.0
ggf_dihiggs_rxs,ggf_vs_dihiggs,ggF vs di-Higgs,ggf,dihiggs,pretrained,rxs,Rotation → XYZ Noise → Spatial Shift,rotation_then_xyz_noise_then_spatial_shift,gradient_boosting,Gradient Boosting,0.764,0.764,0.7538461538461538,0.784,0.7686274509803922,0.8236400000000001,0.622,0.622,0.6168582375478927,0.644,0.6301369863013698,0.6857,0.14200000000000002,0.14200000000000002,0.13698791629826113,0.14,0.13849046467902237,0.13794000000000017,1,2,4,6.0,8.0
ggf_dihiggs_rxc,ggf_vs_dihiggs,ggF vs di-Higgs,ggf,dihiggs,pretrained,rxc,Rotation → XYZ Noise → Spatial Crop,rotation_then_xyz_noise_then_spatial_crop,gradient_boosting,Gradient Boosting,0.765,0.765,0.7562862669245648,0.782,0.7689282202556539,0.83504,0.622,0.622,0.6168582375478927,0.644,0.6301369863013698,0.6857,0.14300000000000002,0.14300000000000002,0.1394280293766721,0.138,0.13879123395428405,0.14934000000000003,1,2,5,4.0,4.0
ggf_dihiggs_rsc,ggf_vs_dihiggs,ggF vs di-Higgs,ggf,dihiggs,pretrained,rsc,Rotation → Spatial Shift → Spatial Crop,rotation_then_spatial_shift_then_spatial_crop,gradient_boosting,Gradient Boosting,0.769,0.769,0.7611650485436893,0.784,0.7724137931034483,0.844644,0.622,0.622,0.6168582375478927,0.644,0.6301369863013698,0.6857,0.14700000000000002,0.14700000000000002,0.14430681099579656,0.14,0.14227680680207844,0.15894399999999997,1,2,6,3.0,1.0
ggf_dihiggs_exs,ggf_vs_dihiggs,ggF vs di-Higgs,ggf,dihiggs,pretrained,exs,Energy Noise → XYZ Noise → Spatial Shift,energy_noise_then_xyz_noise_then_spatial_shift,gradient_boosting,Gradient Boosting,0.713,0.713,0.7044145873320538,0.734,0.7189030362389814,0.7742680000000001,0.622,0.622,0.6168582375478927,0.644,0.6301369863013698,0.6857,0.09099999999999997,0.09099999999999997,0.08755634978416105,0.08999999999999997,0.08876604993761161,0.08856800000000009,1,2,7,16.0,16.0
ggf_dihiggs_exc,ggf_vs_dihiggs,ggF vs di-Higgs,ggf,dihiggs,pretrained,exc,Energy Noise → XYZ Noise → Spatial Crop,energy_noise_then_xyz_noise_then_spatial_crop,gradient_boosting,Gradient Boosting,0.722,0.722,0.716796875,0.734,0.7252964426877471,0.79358,0.622,0.622,0.6168582375478927,0.644,0.6301369863013698,0.6857,0.09999999999999998,0.09999999999999998,0.09993863745210729,0.08999999999999997,0.09515945638637724,0.10787999999999998,1,2,8,13.0,12.0
ggf_dihiggs_esc,ggf_vs_dihiggs,ggF vs di-Higgs,ggf,dihiggs,pretrained,esc,Energy Noise → Spatial Shift → Spatial Crop,energy_noise_then_spatial_shift_then_spatial_crop,gradient_boosting,Gradient Boosting,0.725,0.725,0.7291242362525459,0.716,0.722502522704339,0.7890640000000001,0.622,0.622,0.6168582375478927,0.644,0.6301369863013698,0.6857,0.10299999999999998,0.10299999999999998,0.11226599870465315,0.07199999999999995,0.09236553640296918,0.10336400000000012,1,2,9,12.0,14.0
ggf_dihiggs_xsc,ggf_vs_dihiggs,ggF vs di-Higgs,ggf,dihiggs,pretrained,xsc,XYZ Noise → Spatial Shift → Spatial Crop,xyz_noise_then_spatial_shift_then_spatial_crop,gradient_boosting,Gradient Boosting,0.718,0.718,0.7088122605363985,0.74,0.7240704500978473,0.7846839999999999,0.622,0.622,0.6168582375478927,0.644,0.6301369863013698,0.6857,0.09599999999999997,0.09599999999999997,0.09195402298850575,0.09599999999999997,0.09393346379647749,0.09898399999999996,1,2,10,15.0,15.0
ggf_dihiggs_rexs,ggf_vs_dihiggs,ggF vs di-Higgs,ggf,dihiggs,pretrained,rexs,Rotation → Energy Noise → XYZ Noise → Spatial Shift,rotation_then_energy_noise_then_xyz_noise_then_spatial_shift,gradient_boosting,Gradient Boosting,0.756,0.756,0.7433460076045627,0.782,0.7621832358674464,0.819128,0.622,0.622,0.6168582375478927,0.644,0.6301369863013698,0.6857,0.134,0.134,0.12648777005667,0.138,0.13204624956607658,0.133428,1,2,11,9.0,9.0
ggf_dihiggs_rexc,ggf_vs_dihiggs,ggF vs di-Higgs,ggf,dihiggs,pretrained,rexc,Rotation → Energy Noise → XYZ Noise → Spatial Crop,rotation_then_energy_noise_then_xyz_noise_then_spatial_crop,gradient_boosting,Gradient Boosting,0.776,0.776,0.7684824902723736,0.79,0.7790927021696252,0.8385920000000001,0.622,0.622,0.6168582375478927,0.644,0.6301369863013698,0.6857,0.15400000000000003,0.15400000000000003,0.15162425272448088,0.14600000000000002,0.1489557158682554,0.15289200000000014,1,2,12,2.0,3.0
ggf_dihiggs_resc,ggf_vs_dihiggs,ggF vs di-Higgs,ggf,dihiggs,pretrained,resc,Rotation → Energy Noise → Spatial Shift → Spatial Crop,rotation_then_energy_noise_then_spatial_shift_then_spatial_crop,gradient_boosting,Gradient Boosting,0.757,0.757,0.7575150300601202,0.756,0.7567567567567568,0.834384,0.622,0.622,0.6168582375478927,0.644,0.6301369863013698,0.6857,0.135,0.135,0.1406567925122275,0.11199999999999999,0.12661977045538697,0.14868400000000004,1,2,13,8.0,5.0
ggf_dihiggs_rxsc,ggf_vs_dihiggs,ggF vs di-Higgs,ggf,dihiggs,pretrained,rxsc,Rotation → XYZ Noise → Spatial Shift → Spatial Crop,rotation_then_xyz_noise_then_spatial_shift_then_spatial_crop,gradient_boosting,Gradient Boosting,0.764,0.764,0.7578125,0.776,0.766798418972332,0.833416,0.622,0.622,0.6168582375478927,0.644,0.6301369863013698,0.6857,0.14200000000000002,0.14200000000000002,0.1409542624521073,0.132,0.1366614326709622,0.14771600000000007,1,2,14,6.0,7.0
ggf_dihiggs_exsc,ggf_vs_dihiggs,ggF vs di-Higgs,ggf,dihiggs,pretrained,exsc,Energy Noise → XYZ Noise → Spatial Shift → Spatial Crop,energy_noise_then_xyz_noise_then_spatial_shift_then_spatial_crop,gradient_boosting,Gradient Boosting,0.719,0.719,0.710172744721689,0.74,0.7247796278158668,0.7915399999999999,0.622,0.622,0.6168582375478927,0.644,0.6301369863013698,0.6857,0.09699999999999998,0.09699999999999998,0.0933145071737963,0.09599999999999997,0.09464264151449697,0.10583999999999993,1,2,15,14.0,13.0
ggf_dihiggs_rexsc,ggf_vs_dihiggs,ggF vs di-Higgs,ggf,dihiggs,pretrained,rexsc,Rotation → Energy Noise → XYZ Noise → Spatial Shift → Spatial Crop,rotation_then_energy_noise_then_xyz_noise_then_spatial_shift_then_spatial_crop,gradient_boosting,Gradient Boosting,0.765,0.765,0.7552986512524085,0.784,0.7693817468105987,0.8339799999999999,0.622,0.622,0.6168582375478927,0.644,0.6301369863013698,0.6857,0.14300000000000002,0.14300000000000002,0.13844041370451576,0.14,0.13924476050922885,0.14827999999999997,1,2,16,4.0,6.0
ttbar_dihiggs_random,ttbar_vs_dihiggs,$t\bar{t}$ vs di-Higgs,ttbar,dihiggs,random,random,Random Untrained Encoder,random_untrained_encoder,logistic_regression,Logistic Regression,0.727,0.727,0.7283702213279678,0.724,0.7261785356068204,0.80136,0.727,0.727,0.7283702213279678,0.724,0.7261785356068204,0.80136,0.0,0.0,0.0,0.0,0.0,0.0,2,0,-1,,
ttbar_dihiggs_none,ttbar_vs_dihiggs,$t\bar{t}$ vs di-Higgs,ttbar,dihiggs,pretrained,none,No Augmentation,no_augmentation,logistic_regression,Logistic Regression,0.721,0.721,0.7241379310344828,0.714,0.7190332326283988,0.783984,0.727,0.727,0.7283702213279678,0.724,0.7261785356068204,0.80136,-0.006000000000000005,-0.006000000000000005,-0.0042322902934850415,-0.010000000000000009,-0.0071453029784216415,-0.017375999999999947,2,0,0,17.0,17.0
ttbar_dihiggs_rex,ttbar_vs_dihiggs,$t\bar{t}$ vs di-Higgs,ttbar,dihiggs,pretrained,rex,Rotation → Energy Noise → XYZ Noise,rotation_then_energy_noise_then_xyz_noise,logistic_regression,Logistic Regression,0.765,0.765,0.7754677754677755,0.746,0.7604485219164119,0.84916,0.727,0.727,0.7283702213279678,0.724,0.7261785356068204,0.80136,0.038000000000000034,0.038000000000000034,0.04709755413980765,0.02200000000000002,0.03426998630959144,0.047800000000000065,2,0,1,11.0,10.0
ttbar_dihiggs_res,ttbar_vs_dihiggs,$t\bar{t}$ vs di-Higgs,ttbar,dihiggs,pretrained,res,Rotation → Energy Noise → Spatial Shift,rotation_then_energy_noise_then_spatial_shift,logistic_regression,Logistic Regression,0.775,0.775,0.7733598409542743,0.778,0.7756729810568295,0.8623159999999999,0.727,0.727,0.7283702213279678,0.724,0.7261785356068204,0.80136,0.04800000000000004,0.04800000000000004,0.04498961962630654,0.05400000000000005,0.04949444545000903,0.0609559999999999,2,0,2,7.0,1.0
ttbar_dihiggs_rec,ttbar_vs_dihiggs,$t\bar{t}$ vs di-Higgs,ttbar,dihiggs,pretrained,rec,Rotation → Energy Noise → Spatial Crop,rotation_then_energy_noise_then_spatial_crop,logistic_regression,Logistic Regression,0.788,0.788,0.7950819672131147,0.776,0.7854251012145749,0.854852,0.727,0.727,0.7283702213279678,0.724,0.7261785356068204,0.80136,0.061000000000000054,0.061000000000000054,0.06671174588514694,0.052000000000000046,0.05924656560775443,0.053491999999999984,2,0,3,1.0,4.0
ttbar_dihiggs_rxs,ttbar_vs_dihiggs,$t\bar{t}$ vs di-Higgs,ttbar,dihiggs,pretrained,rxs,Rotation → XYZ Noise → Spatial Shift,rotation_then_xyz_noise_then_spatial_shift,logistic_regression,Logistic Regression,0.781,0.781,0.7782178217821782,0.786,0.7820895522388059,0.8582599999999999,0.727,0.727,0.7283702213279678,0.724,0.7261785356068204,0.80136,0.05400000000000005,0.05400000000000005,0.04984760045421044,0.062000000000000055,0.0559110166319855,0.05689999999999995,2,0,4,3.0,2.0
ttbar_dihiggs_rxc,ttbar_vs_dihiggs,$t\bar{t}$ vs di-Higgs,ttbar,dihiggs,pretrained,rxc,Rotation → XYZ Noise → Spatial Crop,rotation_then_xyz_noise_then_spatial_crop,logistic_regression,Logistic Regression,0.772,0.772,0.7677165354330708,0.78,0.7738095238095238,0.8538359999999998,0.727,0.727,0.7283702213279678,0.724,0.7261785356068204,0.80136,0.04500000000000004,0.04500000000000004,0.03934631410510303,0.05600000000000005,0.047630988202703395,0.052475999999999856,2,0,5,9.0,5.0
ttbar_dihiggs_rsc,ttbar_vs_dihiggs,$t\bar{t}$ vs di-Higgs,ttbar,dihiggs,pretrained,rsc,Rotation → Spatial Shift → Spatial Crop,rotation_then_spatial_shift_then_spatial_crop,logistic_regression,Logistic Regression,0.775,0.775,0.7744510978043913,0.776,0.7752247752247752,0.8503240000000001,0.727,0.727,0.7283702213279678,0.724,0.7261785356068204,0.80136,0.04800000000000004,0.04800000000000004,0.04608087647642345,0.052000000000000046,0.049046239617954734,0.04896400000000012,2,0,6,7.0,9.0
ttbar_dihiggs_exs,ttbar_vs_dihiggs,$t\bar{t}$ vs di-Higgs,ttbar,dihiggs,pretrained,exs,Energy Noise → XYZ Noise → Spatial Shift,energy_noise_then_xyz_noise_then_spatial_shift,logistic_regression,Logistic Regression,0.753,0.753,0.7576374745417516,0.744,0.7507568113017155,0.832012,0.727,0.727,0.7283702213279678,0.724,0.7261785356068204,0.80136,0.026000000000000023,0.026000000000000023,0.02926725321378376,0.020000000000000018,0.024578275694895013,0.030652000000000013,2,0,7,15.0,13.0
ttbar_dihiggs_exc,ttbar_vs_dihiggs,$t\bar{t}$ vs di-Higgs,ttbar,dihiggs,pretrained,exc,Energy Noise → XYZ Noise → Spatial Crop,energy_noise_then_xyz_noise_then_spatial_crop,logistic_regression,Logistic Regression,0.759,0.759,0.7584830339321357,0.76,0.7592407592407593,0.830368,0.727,0.727,0.7283702213279678,0.724,0.7261785356068204,0.80136,0.03200000000000003,0.03200000000000003,0.03011281260416787,0.03600000000000003,0.03306222363393885,0.029008000000000034,2,0,8,14.0,14.0
ttbar_dihiggs_esc,ttbar_vs_dihiggs,$t\bar{t}$ vs di-Higgs,ttbar,dihiggs,pretrained,esc,Energy Noise → Spatial Shift → Spatial Crop,energy_noise_then_spatial_shift_then_spatial_crop,logistic_regression,Logistic Regression,0.76,0.76,0.773109243697479,0.736,0.7540983606557377,0.8299399999999999,0.727,0.727,0.7283702213279678,0.724,0.7261785356068204,0.80136,0.03300000000000003,0.03300000000000003,0.04473902236951122,0.01200000000000001,0.027919825048917213,0.02857999999999994,2,0,9,13.0,15.0
ttbar_dihiggs_xsc,ttbar_vs_dihiggs,$t\bar{t}$ vs di-Higgs,ttbar,dihiggs,pretrained,xsc,XYZ Noise → Spatial Shift → Spatial Crop,xyz_noise_then_spatial_shift_then_spatial_crop,logistic_regression,Logistic Regression,0.748,0.748,0.748995983935743,0.746,0.7474949899799599,0.8194760000000001,0.727,0.727,0.7283702213279678,0.724,0.7261785356068204,0.80136,0.02100000000000002,0.02100000000000002,0.020625762607775155,0.02200000000000002,0.02131645437313945,0.018116000000000132,2,0,10,16.0,16.0
ttbar_dihiggs_rexs,ttbar_vs_dihiggs,$t\bar{t}$ vs di-Higgs,ttbar,dihiggs,pretrained,rexs,Rotation → Energy Noise → XYZ Noise → Spatial Shift,rotation_then_energy_noise_then_xyz_noise_then_spatial_shift,logistic_regression,Logistic Regression,0.779,0.779,0.779559118236473,0.778,0.7787787787787788,0.852184,0.727,0.727,0.7283702213279678,0.724,0.7261785356068204,0.80136,0.052000000000000046,0.052000000000000046,0.051188896908505144,0.05400000000000005,0.05260024317195833,0.05082400000000009,2,0,11,4.0,6.0
ttbar_dihiggs_rexc,ttbar_vs_dihiggs,$t\bar{t}$ vs di-Higgs,ttbar,dihiggs,pretrained,rexc,Rotation → Energy Noise → XYZ Noise → Spatial Crop,rotation_then_energy_noise_then_xyz_noise_then_spatial_crop,logistic_regression,Logistic Regression,0.778,0.778,0.778,0.778,0.778,0.852008,0.727,0.727,0.7283702213279678,0.724,0.7261785356068204,0.80136,0.051000000000000045,0.051000000000000045,0.04962977867203222,0.05400000000000005,0.051821464393179584,0.050648000000000026,2,0,12,5.0,7.0
ttbar_dihiggs_resc,ttbar_vs_dihiggs,$t\bar{t}$ vs di-Higgs,ttbar,dihiggs,pretrained,resc,Rotation → Energy Noise → Spatial Shift → Spatial Crop,rotation_then_energy_noise_then_spatial_shift_then_spatial_crop,logistic_regression,Logistic Regression,0.765,0.765,0.7665995975855131,0.762,0.7642928786359077,0.8412400000000001,0.727,0.727,0.7283702213279678,0.724,0.7261785356068204,0.80136,0.038000000000000034,0.038000000000000034,0.0382293762575453,0.038000000000000034,0.03811434302908723,0.03988000000000014,2,0,13,11.0,11.0
ttbar_dihiggs_rxsc,ttbar_vs_dihiggs,$t\bar{t}$ vs di-Higgs,ttbar,dihiggs,pretrained,rxsc,Rotation → XYZ Noise → Spatial Shift → Spatial Crop,rotation_then_xyz_noise_then_spatial_shift_then_spatial_crop,logistic_regression,Logistic Regression,0.778,0.778,0.7836734693877551,0.768,0.7757575757575758,0.856104,0.727,0.727,0.7283702213279678,0.724,0.7261785356068204,0.80136,0.051000000000000045,0.051000000000000045,0.05530324805978726,0.04400000000000004,0.049579040150755316,0.054744000000000015,2,0,14,5.0,3.0
ttbar_dihiggs_exsc,ttbar_vs_dihiggs,$t\bar{t}$ vs di-Higgs,ttbar,dihiggs,pretrained,exsc,Energy Noise → XYZ Noise → Spatial Shift → Spatial Crop,energy_noise_then_xyz_noise_then_spatial_shift_then_spatial_crop,logistic_regression,Logistic Regression,0.766,0.766,0.766,0.766,0.766,0.832232,0.727,0.727,0.7283702213279678,0.724,0.7261785356068204,0.80136,0.039000000000000035,0.039000000000000035,0.03762977867203221,0.04200000000000004,0.03982146439317957,0.03087200000000001,2,0,15,10.0,12.0
ttbar_dihiggs_rexsc,ttbar_vs_dihiggs,$t\bar{t}$ vs di-Higgs,ttbar,dihiggs,pretrained,rexsc,Rotation → Energy Noise → XYZ Noise → Spatial Shift → Spatial Crop,rotation_then_energy_noise_then_xyz_noise_then_spatial_shift_then_spatial_crop,logistic_regression,Logistic Regression,0.782,0.782,0.7854251012145749,0.776,0.7806841046277666,0.8508399999999999,0.727,0.727,0.7283702213279678,0.724,0.7261785356068204,0.80136,0.05500000000000005,0.05500000000000005,0.05705487988660707,0.052000000000000046,0.054505569020946165,0.04947999999999997,2,0,16,2.0,8.0
ttbar_dihiggs_random,ttbar_vs_dihiggs,$t\bar{t}$ vs di-Higgs,ttbar,dihiggs,random,random,Random Untrained Encoder,random_untrained_encoder,knn,k-Nearest Neighbors,0.672,0.6719999999999999,0.6487889273356401,0.75,0.6957328385899815,0.7435099999999999,0.672,0.6719999999999999,0.6487889273356401,0.75,0.6957328385899815,0.7435099999999999,0.0,0.0,0.0,0.0,0.0,0.0,2,1,-1,,
ttbar_dihiggs_none,ttbar_vs_dihiggs,$t\bar{t}$ vs di-Higgs,ttbar,dihiggs,pretrained,none,No Augmentation,no_augmentation,knn,k-Nearest Neighbors,0.675,0.675,0.6692456479690522,0.692,0.6804326450344149,0.74824,0.672,0.6719999999999999,0.6487889273356401,0.75,0.6957328385899815,0.7435099999999999,0.0030000000000000027,0.0030000000000001137,0.020456720633412084,-0.05800000000000005,-0.015300193555566555,0.004730000000000123,2,1,0,17.0,17.0
ttbar_dihiggs_rex,ttbar_vs_dihiggs,$t\bar{t}$ vs di-Higgs,ttbar,dihiggs,pretrained,rex,Rotation → Energy Noise → XYZ Noise,rotation_then_energy_noise_then_xyz_noise,knn,k-Nearest Neighbors,0.743,0.743,0.7396449704142012,0.75,0.7447864945382324,0.820576,0.672,0.6719999999999999,0.6487889273356401,0.75,0.6957328385899815,0.7435099999999999,0.07099999999999995,0.07100000000000006,0.0908560430785611,0.0,0.04905365594825095,0.07706600000000008,2,1,1,9.0,10.0
ttbar_dihiggs_res,ttbar_vs_dihiggs,$t\bar{t}$ vs di-Higgs,ttbar,dihiggs,pretrained,res,Rotation → Energy Noise → Spatial Shift,rotation_then_energy_noise_then_spatial_shift,knn,k-Nearest Neighbors,0.761,0.761,0.7524177949709865,0.778,0.7649950835791544,0.847182,0.672,0.6719999999999999,0.6487889273356401,0.75,0.6957328385899815,0.7435099999999999,0.08899999999999997,0.08900000000000008,0.1036288676353464,0.028000000000000025,0.06926224498917288,0.1036720000000001,2,1,2,1.0,1.0
ttbar_dihiggs_rec,ttbar_vs_dihiggs,$t\bar{t}$ vs di-Higgs,ttbar,dihiggs,pretrained,rec,Rotation → Energy Noise → Spatial Crop,rotation_then_energy_noise_then_spatial_crop,knn,k-Nearest Neighbors,0.743,0.743,0.7271028037383177,0.778,0.7516908212560387,0.829394,0.672,0.6719999999999999,0.6487889273356401,0.75,0.6957328385899815,0.7435099999999999,0.07099999999999995,0.07100000000000006,0.07831387640267762,0.028000000000000025,0.05595798266605723,0.08588400000000007,2,1,3,9.0,7.0
ttbar_dihiggs_rxs,ttbar_vs_dihiggs,$t\bar{t}$ vs di-Higgs,ttbar,dihiggs,pretrained,rxs,Rotation → XYZ Noise → Spatial Shift,rotation_then_xyz_noise_then_spatial_shift,knn,k-Nearest Neighbors,0.751,0.751,0.7485148514851485,0.756,0.7522388059701492,0.8405499999999999,0.672,0.6719999999999999,0.6487889273356401,0.75,0.6957328385899815,0.7435099999999999,0.07899999999999996,0.07900000000000007,0.09972592414950843,0.006000000000000005,0.056505967380167776,0.09704000000000002,2,1,4,4.0,2.0
ttbar_dihiggs_rxc,ttbar_vs_dihiggs,$t\bar{t}$ vs di-Higgs,ttbar,dihiggs,pretrained,rxc,Rotation → XYZ Noise → Spatial Crop,rotation_then_xyz_noise_then_spatial_crop,knn,k-Nearest Neighbors,0.751,0.751,0.7294332723948812,0.798,0.7621776504297995,0.8234219999999999,0.672,0.6719999999999999,0.6487889273356401,0.75,0.6957328385899815,0.7435099999999999,0.07899999999999996,0.07900000000000007,0.08064434505924112,0.04800000000000004,0.06644481183981799,0.07991199999999998,2,1,5,4.0,9.0
ttbar_dihiggs_rsc,ttbar_vs_dihiggs,$t\bar{t}$ vs di-Higgs,ttbar,dihiggs,pretrained,rsc,Rotation → Spatial Shift → Spatial Crop,rotation_then_spatial_shift_then_spatial_crop,knn,k-Nearest Neighbors,0.724,0.724,0.7051282051282052,0.77,0.7361376673040153,0.8121939999999999,0.672,0.6719999999999999,0.6487889273356401,0.75,0.6957328385899815,0.7435099999999999,0.051999999999999935,0.052000000000000046,0.05633927779256509,0.020000000000000018,0.040404828714033836,0.06868399999999997,2,1,6,12.0,11.0
ttbar_dihiggs_exs,ttbar_vs_dihiggs,$t\bar{t}$ vs di-Higgs,ttbar,dihiggs,pretrained,exs,Energy Noise → XYZ Noise → Spatial Shift,energy_noise_then_xyz_noise_then_spatial_shift,knn,k-Nearest Neighbors,0.696,0.696,0.6713286713286714,0.768,0.7164179104477612,0.7746040000000001,0.672,0.6719999999999999,0.6487889273356401,0.75,0.6957328385899815,0.7435099999999999,0.02399999999999991,0.02400000000000002,0.02253974399303127,0.018000000000000016,0.02068507185777968,0.031094000000000177,2,1,7,16.0,16.0
ttbar_dihiggs_exc,ttbar_vs_dihiggs,$t\bar{t}$ vs di-Higgs,ttbar,dihiggs,pretrained,exc,Energy Noise → XYZ Noise → Spatial Crop,energy_noise_then_xyz_noise_then_spatial_crop,knn,k-Nearest Neighbors,0.721,0.7210000000000001,0.6901893287435457,0.802,0.7419056429232193,0.8000400000000001,0.672,0.6719999999999999,0.6487889273356401,0.75,0.6957328385899815,0.7435099999999999,0.04899999999999993,0.049000000000000155,0.041400401407905574,0.052000000000000046,0.04617280433323778,0.05653000000000019,2,1,8,13.0,14.0
ttbar_dihiggs_esc,ttbar_vs_dihiggs,$t\bar{t}$ vs di-Higgs,ttbar,dihiggs,pretrained,esc,Energy Noise → Spatial Shift → Spatial Crop,energy_noise_then_spatial_shift_then_spatial_crop,knn,k-Nearest Neighbors,0.731,0.7310000000000001,0.7103825136612022,0.78,0.7435653002859867,0.8016080000000001,0.672,0.6719999999999999,0.6487889273356401,0.75,0.6957328385899815,0.7435099999999999,0.05899999999999994,0.05900000000000016,0.06159358632556211,0.030000000000000027,0.04783246169600519,0.058098000000000205,2,1,9,11.0,13.0
ttbar_dihiggs_xsc,ttbar_vs_dihiggs,$t\bar{t}$ vs di-Higgs,ttbar,dihiggs,pretrained,xsc,XYZ Noise → Spatial Shift → Spatial Crop,xyz_noise_then_spatial_shift_then_spatial_crop,knn,k-Nearest Neighbors,0.71,0.71,0.6791808873720137,0.796,0.7329650092081031,0.7991600000000001,0.672,0.6719999999999999,0.6487889273356401,0.75,0.6957328385899815,0.7435099999999999,0.03799999999999992,0.038000000000000034,0.030391960036373566,0.04600000000000004,0.037232170618121674,0.0556500000000002,2,1,10,15.0,15.0
ttbar_dihiggs_rexs,ttbar_vs_dihiggs,$t\bar{t}$ vs di-Higgs,ttbar,dihiggs,pretrained,rexs,Rotation → Energy Noise → XYZ Noise → Spatial Shift,rotation_then_energy_noise_then_xyz_noise_then_spatial_shift,knn,k-Nearest Neighbors,0.755,0.755,0.7524752475247525,0.76,0.7562189054726368,0.8305100000000001,0.672,0.6719999999999999,0.6487889273356401,0.75,0.6957328385899815,0.7435099999999999,0.08299999999999996,0.08300000000000007,0.10368632018911239,0.010000000000000009,0.06048606688265534,0.08700000000000019,2,1,11,3.0,6.0
ttbar_dihiggs_rexc,ttbar_vs_dihiggs,$t\bar{t}$ vs di-Higgs,ttbar,dihiggs,pretrained,rexc,Rotation → Energy Noise → XYZ Noise → Spatial Crop,rotation_then_energy_noise_then_xyz_noise_then_spatial_crop,knn,k-Nearest Neighbors,0.751,0.751,0.7390476190476191,0.776,0.7570731707317073,0.835918,0.672,0.6719999999999999,0.6487889273356401,0.75,0.6957328385899815,0.7435099999999999,0.07899999999999996,0.07900000000000007,0.09025869171197898,0.026000000000000023,0.06134033214172585,0.09240800000000016,2,1,12,4.0,3.0
ttbar_dihiggs_resc,ttbar_vs_dihiggs,$t\bar{t}$ vs di-Higgs,ttbar,dihiggs,pretrained,resc,Rotation → Energy Noise → Spatial Shift → Spatial Crop,rotation_then_energy_noise_then_spatial_shift_then_spatial_crop,knn,k-Nearest Neighbors,0.761,0.761,0.7553816046966731,0.772,0.7636003956478734,0.8261160000000001,0.672,0.6719999999999999,0.6487889273356401,0.75,0.6957328385899815,0.7435099999999999,0.08899999999999997,0.08900000000000008,0.10659267736103306,0.02200000000000002,0.06786755705789194,0.08260600000000018,2,1,13,1.0,8.0
ttbar_dihiggs_rxsc,ttbar_vs_dihiggs,$t\bar{t}$ vs di-Higgs,ttbar,dihiggs,pretrained,rxsc,Rotation → XYZ Noise → Spatial Shift → Spatial Crop,rotation_then_xyz_noise_then_spatial_shift_then_spatial_crop,knn,k-Nearest Neighbors,0.749,0.749,0.7426900584795322,0.762,0.7522211253701876,0.835592,0.672,0.6719999999999999,0.6487889273356401,0.75,0.6957328385899815,0.7435099999999999,0.07699999999999996,0.07700000000000007,0.09390113114389209,0.01200000000000001,0.05648828678020612,0.09208200000000011,2,1,14,7.0,4.0
ttbar_dihiggs_exsc,ttbar_vs_dihiggs,$t\bar{t}$ vs di-Higgs,ttbar,dihiggs,pretrained,exsc,Energy Noise → XYZ Noise → Spatial Shift → Spatial Crop,energy_noise_then_xyz_noise_then_spatial_shift_then_spatial_crop,knn,k-Nearest Neighbors,0.716,0.716,0.6914893617021277,0.78,0.7330827067669173,0.8031259999999999,0.672,0.6719999999999999,0.6487889273356401,0.75,0.6957328385899815,0.7435099999999999,0.04399999999999993,0.04400000000000004,0.04270043436648763,0.030000000000000027,0.03734986817693586,0.059616,2,1,15,14.0,12.0
ttbar_dihiggs_rexsc,ttbar_vs_dihiggs,$t\bar{t}$ vs di-Higgs,ttbar,dihiggs,pretrained,rexsc,Rotation → Energy Noise → XYZ Noise → Spatial Shift → Spatial Crop,rotation_then_energy_noise_then_xyz_noise_then_spatial_shift_then_spatial_crop,knn,k-Nearest Neighbors,0.745,0.745,0.7306967984934086,0.776,0.7526673132880698,0.830754,0.672,0.6719999999999999,0.6487889273356401,0.75,0.6957328385899815,0.7435099999999999,0.07299999999999995,0.07300000000000006,0.08190787115776854,0.026000000000000023,0.05693447469808832,0.0872440000000001,2,1,16,8.0,5.0
ttbar_dihiggs_random,ttbar_vs_dihiggs,$t\bar{t}$ vs di-Higgs,ttbar,dihiggs,random,random,Random Untrained Encoder,random_untrained_encoder,gradient_boosting,Gradient Boosting,0.71,0.71,0.7142857142857143,0.7,0.7070707070707071,0.7703040000000001,0.71,0.71,0.7142857142857143,0.7,0.7070707070707071,0.7703040000000001,0.0,0.0,0.0,0.0,0.0,0.0,2,2,-1,,
ttbar_dihiggs_none,ttbar_vs_dihiggs,$t\bar{t}$ vs di-Higgs,ttbar,dihiggs,pretrained,none,No Augmentation,no_augmentation,gradient_boosting,Gradient Boosting,0.705,0.7050000000000001,0.7167019027484144,0.678,0.696813977389517,0.771312,0.71,0.71,0.7142857142857143,0.7,0.7070707070707071,0.7703040000000001,-0.0050000000000000044,-0.004999999999999893,0.0024161884627000862,-0.02199999999999991,-0.010256729681190069,0.0010079999999998979,2,2,0,17.0,17.0
ttbar_dihiggs_rex,ttbar_vs_dihiggs,$t\bar{t}$ vs di-Higgs,ttbar,dihiggs,pretrained,rex,Rotation → Energy Noise → XYZ Noise,rotation_then_energy_noise_then_xyz_noise,gradient_boosting,Gradient Boosting,0.766,0.766,0.7929515418502202,0.72,0.7547169811320755,0.8402160000000001,0.71,0.71,0.7142857142857143,0.7,0.7070707070707071,0.7703040000000001,0.05600000000000005,0.05600000000000005,0.07866582756450591,0.020000000000000018,0.047646274061368454,0.06991199999999997,2,2,1,5.0,9.0
ttbar_dihiggs_res,ttbar_vs_dihiggs,$t\bar{t}$ vs di-Higgs,ttbar,dihiggs,pretrained,res,Rotation → Energy Noise → Spatial Shift,rotation_then_energy_noise_then_spatial_shift,gradient_boosting,Gradient Boosting,0.765,0.765,0.7825159914712153,0.734,0.7574819401444789,0.852668,0.71,0.71,0.7142857142857143,0.7,0.7070707070707071,0.7703040000000001,0.05500000000000005,0.05500000000000005,0.06823027718550101,0.03400000000000003,0.05041123307377182,0.08236399999999988,2,2,2,7.0,3.0
ttbar_dihiggs_rec,ttbar_vs_dihiggs,$t\bar{t}$ vs di-Higgs,ttbar,dihiggs,pretrained,rec,Rotation → Energy Noise → Spatial Crop,rotation_then_energy_noise_then_spatial_crop,gradient_boosting,Gradient Boosting,0.771,0.7709999999999999,0.7991169977924945,0.724,0.7597061909758657,0.8468879999999999,0.71,0.71,0.7142857142857143,0.7,0.7070707070707071,0.7703040000000001,0.061000000000000054,0.06099999999999994,0.08483128350678015,0.02400000000000002,0.0526354839051586,0.07658399999999976,2,2,3,4.0,5.0
ttbar_dihiggs_rxs,ttbar_vs_dihiggs,$t\bar{t}$ vs di-Higgs,ttbar,dihiggs,pretrained,rxs,Rotation → XYZ Noise → Spatial Shift,rotation_then_xyz_noise_then_spatial_shift,gradient_boosting,Gradient Boosting,0.782,0.782,0.8065217391304348,0.742,0.7729166666666667,0.857808,0.71,0.71,0.7142857142857143,0.7,0.7070707070707071,0.7703040000000001,0.07200000000000006,0.07200000000000006,0.09223602484472049,0.04200000000000004,0.06584595959595962,0.08750399999999992,2,2,4,1.0,1.0
ttbar_dihiggs_rxc,ttbar_vs_dihiggs,$t\bar{t}$ vs di-Higgs,ttbar,dihiggs,pretrained,rxc,Rotation → XYZ Noise → Spatial Crop,rotation_then_xyz_noise_then_spatial_crop,gradient_boosting,Gradient Boosting,0.781,0.7809999999999999,0.8047722342733189,0.742,0.7721123829344433,0.853984,0.71,0.71,0.7142857142857143,0.7,0.7070707070707071,0.7703040000000001,0.07100000000000006,0.07099999999999995,0.0904865199876046,0.04200000000000004,0.06504167586373621,0.08367999999999987,2,2,5,2.0,2.0
ttbar_dihiggs_rsc,ttbar_vs_dihiggs,$t\bar{t}$ vs di-Higgs,ttbar,dihiggs,pretrained,rsc,Rotation → Spatial Shift → Spatial Crop,rotation_then_spatial_shift_then_spatial_crop,gradient_boosting,Gradient Boosting,0.764,0.764,0.7869565217391304,0.724,0.7541666666666667,0.8400159999999999,0.71,0.71,0.7142857142857143,0.7,0.7070707070707071,0.7703040000000001,0.05400000000000005,0.05400000000000005,0.07267080745341614,0.02400000000000002,0.04709595959595958,0.06971199999999977,2,2,6,8.0,10.0
ttbar_dihiggs_exs,ttbar_vs_dihiggs,$t\bar{t}$ vs di-Higgs,ttbar,dihiggs,pretrained,exs,Energy Noise → XYZ Noise → Spatial Shift,energy_noise_then_xyz_noise_then_spatial_shift,gradient_boosting,Gradient Boosting,0.742,0.742,0.7510373443983402,0.724,0.7372708757637475,0.803496,0.71,0.71,0.7142857142857143,0.7,0.7070707070707071,0.7703040000000001,0.03200000000000003,0.03200000000000003,0.036751630112625944,0.02400000000000002,0.03020016869304043,0.03319199999999989,2,2,7,14.0,16.0
ttbar_dihiggs_exc,ttbar_vs_dihiggs,$t\bar{t}$ vs di-Higgs,ttbar,dihiggs,pretrained,exc,Energy Noise → XYZ Noise → Spatial Crop,energy_noise_then_xyz_noise_then_spatial_crop,gradient_boosting,Gradient Boosting,0.757,0.757,0.7627811860940695,0.746,0.7542972699696663,0.8183120000000002,0.71,0.71,0.7142857142857143,0.7,0.7070707070707071,0.7703040000000001,0.04700000000000004,0.04700000000000004,0.04849547180835523,0.04600000000000004,0.04722656289895921,0.04800800000000005,2,2,8,13.0,14.0
ttbar_dihiggs_esc,ttbar_vs_dihiggs,$t\bar{t}$ vs di-Higgs,ttbar,dihiggs,pretrained,esc,Energy Noise → Spatial Shift → Spatial Crop,energy_noise_then_spatial_shift_then_spatial_crop,gradient_boosting,Gradient Boosting,0.759,0.759,0.7846153846153846,0.714,0.7476439790575916,0.825592,0.71,0.71,0.7142857142857143,0.7,0.7070707070707071,0.7703040000000001,0.049000000000000044,0.049000000000000044,0.0703296703296703,0.014000000000000012,0.04057327198688454,0.05528799999999989,2,2,9,11.0,12.0
ttbar_dihiggs_xsc,ttbar_vs_dihiggs,$t\bar{t}$ vs di-Higgs,ttbar,dihiggs,pretrained,xsc,XYZ Noise → Spatial Shift → Spatial Crop,xyz_noise_then_spatial_shift_then_spatial_crop,gradient_boosting,Gradient Boosting,0.739,0.739,0.7569892473118279,0.704,0.7295336787564767,0.8222759999999999,0.71,0.71,0.7142857142857143,0.7,0.7070707070707071,0.7703040000000001,0.029000000000000026,0.029000000000000026,0.04270353302611363,0.0040000000000000036,0.022462971685769606,0.051971999999999796,2,2,10,15.0,13.0
ttbar_dihiggs_rexs,ttbar_vs_dihiggs,$t\bar{t}$ vs di-Higgs,ttbar,dihiggs,pretrained,rexs,Rotation → Energy Noise → XYZ Noise → Spatial Shift,rotation_then_energy_noise_then_xyz_noise_then_spatial_shift,gradient_boosting,Gradient Boosting,0.758,0.758,0.7780172413793104,0.722,0.7489626556016598,0.8420799999999999,0.71,0.71,0.7142857142857143,0.7,0.7070707070707071,0.7703040000000001,0.04800000000000004,0.04800000000000004,0.06373152709359609,0.02200000000000002,0.04189194853095268,0.07177599999999984,2,2,11,12.0,8.0
ttbar_dihiggs_rexc,ttbar_vs_dihiggs,$t\bar{t}$ vs di-Higgs,ttbar,dihiggs,pretrained,rexc,Rotation → Energy Noise → XYZ Noise → Spatial Crop,rotation_then_energy_noise_then_xyz_noise_then_spatial_crop,gradient_boosting,Gradient Boosting,0.774,0.774,0.7952586206896551,0.738,0.7655601659751037,0.848832,0.71,0.71,0.7142857142857143,0.7,0.7070707070707071,0.7703040000000001,0.06400000000000006,0.06400000000000006,0.08097290640394084,0.038000000000000034,0.05848945890439661,0.07852799999999993,2,2,12,3.0,4.0
ttbar_dihiggs_resc,ttbar_vs_dihiggs,$t\bar{t}$ vs di-Higgs,ttbar,dihiggs,pretrained,resc,Rotation → Energy Noise → Spatial Shift → Spatial Crop,rotation_then_energy_noise_then_spatial_shift_then_spatial_crop,gradient_boosting,Gradient Boosting,0.764,0.764,0.8,0.704,0.7489361702127659,0.8346560000000001,0.71,0.71,0.7142857142857143,0.7,0.7070707070707071,0.7703040000000001,0.05400000000000005,0.05400000000000005,0.08571428571428574,0.0040000000000000036,0.041865463142058856,0.06435199999999996,2,2,13,8.0,11.0
ttbar_dihiggs_rxsc,ttbar_vs_dihiggs,$t\bar{t}$ vs di-Higgs,ttbar,dihiggs,pretrained,rxsc,Rotation → XYZ Noise → Spatial Shift → Spatial Crop,rotation_then_xyz_noise_then_spatial_shift_then_spatial_crop,gradient_boosting,Gradient Boosting,0.761,0.7609999999999999,0.7959183673469388,0.702,0.7460148777895855,0.84238,0.71,0.71,0.7142857142857143,0.7,0.7070707070707071,0.7703040000000001,0.051000000000000045,0.050999999999999934,0.08163265306122447,0.0020000000000000018,0.03894417071887846,0.07207599999999992,2,2,14,10.0,7.0
ttbar_dihiggs_exsc,ttbar_vs_dihiggs,$t\bar{t}$ vs di-Higgs,ttbar,dihiggs,pretrained,exsc,Energy Noise → XYZ Noise → Spatial Shift → Spatial Crop,energy_noise_then_xyz_noise_then_spatial_shift_then_spatial_crop,gradient_boosting,Gradient Boosting,0.735,0.7350000000000001,0.7652370203160271,0.678,0.71898197242842,0.81482,0.71,0.71,0.7142857142857143,0.7,0.7070707070707071,0.7703040000000001,0.025000000000000022,0.025000000000000133,0.05095130603031284,-0.02199999999999991,0.011911265357712919,0.04451599999999989,2,2,15,16.0,15.0
ttbar_dihiggs_rexsc,ttbar_vs_dihiggs,$t\bar{t}$ vs di-Higgs,ttbar,dihiggs,pretrained,rexsc,Rotation → Energy Noise → XYZ Noise → Spatial Shift → Spatial Crop,rotation_then_energy_noise_then_xyz_noise_then_spatial_shift_then_spatial_crop,gradient_boosting,Gradient Boosting,0.766,0.766,0.812206572769953,0.692,0.7473002159827213,0.844816,0.71,0.71,0.7142857142857143,0.7,0.7070707070707071,0.7703040000000001,0.05600000000000005,0.05600000000000005,0.0979208584842387,-0.008000000000000007,0.04022950891201427,0.07451199999999991,2,2,16,5.0,6.0
